{
    "timestamp": 1746702958.8492496,
    "current_position": {
        "x": 123,
        "y": 112
    },
    "predicted_position": {
        "x": 122,
        "y": 112
    },
    "velocity": {
        "x": -0.508494276727891,
        "y": 0.07264203953255585
    }
}