{
    "timestamp": 1746702952.9063003,
    "current_position": {
        "x": 10,
        "y": 118
    },
    "predicted_position": {
        "x": 7,
        "y": 117
    },
    "velocity": {
        "x": -28.249367472681097,
        "y": -4.7295321108108626
    }
}