{
    "timestamp": 1746702953.2993681,
    "current_position": {
        "x": 127,
        "y": 147
    },
    "predicted_position": {
        "x": 127,
        "y": 146
    },
    "velocity": {
        "x": 4.259849945988936,
        "y": -9.128249884262006
    }
}