{
    "timestamp": 1746702950.9295666,
    "current_position": {
        "x": 132,
        "y": 79
    },
    "predicted_position": {
        "x": 132,
        "y": 78
    },
    "velocity": {
        "x": 1.1973077006205501,
        "y": -0.8552197861575358
    }
}