{
    "timestamp": 1746702953.340366,
    "current_position": {
        "x": 128,
        "y": 131
    },
    "predicted_position": {
        "x": 128,
        "y": 130
    },
    "velocity": {
        "x": 0.12110570095383318,
        "y": -1.9376912152613308
    }
}