{
    "timestamp": 1746702954.9339926,
    "current_position": {
        "x": 178,
        "y": 51
    },
    "predicted_position": {
        "x": 177,
        "y": 50
    },
    "velocity": {
        "x": -2.842386713449024,
        "y": -0.913624300751472
    }
}