{
    "timestamp": 1746702950.791311,
    "current_position": {
        "x": 117,
        "y": 109
    },
    "predicted_position": {
        "x": 117,
        "y": 108
    },
    "velocity": {
        "x": 0.5255602060721654,
        "y": -0.17518673535738846
    }
}