{
    "timestamp": 1746702952.6467223,
    "current_position": {
        "x": 179,
        "y": 92
    },
    "predicted_position": {
        "x": 179,
        "y": 92
    },
    "velocity": {
        "x": 2.1153931008143565,
        "y": 0.13221206880089728
    }
}