{
    "timestamp": 1746702954.6278615,
    "current_position": {
        "x": 21,
        "y": 47
    },
    "predicted_position": {
        "x": 20,
        "y": 46
    },
    "velocity": {
        "x": -0.6286181422323064,
        "y": -1.676315045952817
    }
}