{
    "timestamp": 1746702952.812868,
    "current_position": {
        "x": 63,
        "y": 137
    },
    "predicted_position": {
        "x": 62,
        "y": 135
    },
    "velocity": {
        "x": -7.2447345355217925,
        "y": -11.255212581971355
    }
}