{
    "timestamp": 1746702957.5503585,
    "current_position": {
        "x": 127,
        "y": 131
    },
    "predicted_position": {
        "x": 126,
        "y": 131
    },
    "velocity": {
        "x": -1.1229428071963798,
        "y": 0.24063060154208138
    }
}