{
    "timestamp": 1746702958.402355,
    "current_position": {
        "x": 53,
        "y": 203
    },
    "predicted_position": {
        "x": 52,
        "y": 203
    },
    "velocity": {
        "x": -0.15015873284093623,
        "y": 6.006349313637449
    }
}