{
    "timestamp": 1746702958.0938787,
    "current_position": {
        "x": 118,
        "y": 99
    },
    "predicted_position": {
        "x": 117,
        "y": 98
    },
    "velocity": {
        "x": -1.537188928944487,
        "y": -3.458675090125096
    }
}