{
    "timestamp": 1746702955.1349952,
    "current_position": {
        "x": 118,
        "y": 134
    },
    "predicted_position": {
        "x": 118,
        "y": 133
    },
    "velocity": {
        "x": 2.4870972060288654,
        "y": -0.39793555296461847
    }
}