{
    "timestamp": 1746702958.0191479,
    "current_position": {
        "x": 67,
        "y": 50
    },
    "predicted_position": {
        "x": 66,
        "y": 50
    },
    "velocity": {
        "x": -2.396407260476767,
        "y": 0.4638207600922775
    }
}