{
    "timestamp": 1746702954.9026444,
    "current_position": {
        "x": 206,
        "y": 60
    },
    "predicted_position": {
        "x": 207,
        "y": 60
    },
    "velocity": {
        "x": 18.840009220589693,
        "y": 1.3238925398252215
    }
}