{
    "timestamp": 1746702953.0760884,
    "current_position": {
        "x": 129,
        "y": 154
    },
    "predicted_position": {
        "x": 130,
        "y": 154
    },
    "velocity": {
        "x": 14.888078925087298,
        "y": 4.503956649606241
    }
}