{
    "timestamp": 1746702954.9652874,
    "current_position": {
        "x": 61,
        "y": 75
    },
    "predicted_position": {
        "x": 59,
        "y": 75
    },
    "velocity": {
        "x": -11.839503503476456,
        "y": 2.4286161032772218
    }
}