{
    "timestamp": 1746702950.143993,
    "current_position": {
        "x": 121,
        "y": 156
    },
    "predicted_position": {
        "x": 120,
        "y": 155
    },
    "velocity": {
        "x": -0.9879711337360151,
        "y": -4.347072988438466
    }
}