{
    "timestamp": 1746702958.4786491,
    "current_position": {
        "x": 47,
        "y": 161
    },
    "predicted_position": {
        "x": 46,
        "y": 161
    },
    "velocity": {
        "x": -0.44791051380906594,
        "y": 2.4635078259498626
    }
}