{
    "timestamp": 1746702950.113557,
    "current_position": {
        "x": 126,
        "y": 178
    },
    "predicted_position": {
        "x": 125,
        "y": 178
    },
    "velocity": {
        "x": -4.174584455769361,
        "y": 6.361271551648551
    }
}