{
    "timestamp": 1746702952.875475,
    "current_position": {
        "x": 231,
        "y": 155
    },
    "predicted_position": {
        "x": 233,
        "y": 155
    },
    "velocity": {
        "x": 21.55958264105021,
        "y": 2.3099552829696655
    }
}