{
    "timestamp": 1746702953.2749803,
    "current_position": {
        "x": 92,
        "y": 222
    },
    "predicted_position": {
        "x": 93,
        "y": 224
    },
    "velocity": {
        "x": 10.986510499905004,
        "y": 25.75726350533284
    }
}