{
    "timestamp": 1746702950.5891218,
    "current_position": {
        "x": 111,
        "y": 111
    },
    "predicted_position": {
        "x": 110,
        "y": 110
    },
    "velocity": {
        "x": -0.5448596057627609,
        "y": -1.634578817288283
    }
}