{
    "timestamp": 1746702955.0274732,
    "current_position": {
        "x": 60,
        "y": 85
    },
    "predicted_position": {
        "x": 60,
        "y": 85
    },
    "velocity": {
        "x": 0.9050358986417917,
        "y": 1.6089527086965185
    }
}