{
    "timestamp": 1746702957.8629012,
    "current_position": {
        "x": 100,
        "y": 94
    },
    "predicted_position": {
        "x": 99,
        "y": 93
    },
    "velocity": {
        "x": -2.8951973947835787,
        "y": -2.7387002383087906
    }
}