{
    "timestamp": 1746702958.2790444,
    "current_position": {
        "x": 173,
        "y": 90
    },
    "predicted_position": {
        "x": 172,
        "y": 90
    },
    "velocity": {
        "x": -0.6820285722989129,
        "y": 0.37890476238828497
    }
}