{
    "timestamp": 1746702953.183738,
    "current_position": {
        "x": 2,
        "y": 11
    },
    "predicted_position": {
        "x": 0,
        "y": 9
    },
    "velocity": {
        "x": -15.677809024892815,
        "y": -17.652966067398996
    }
}