{
    "timestamp": 1746702952.7071896,
    "current_position": {
        "x": 235,
        "y": 89
    },
    "predicted_position": {
        "x": 235,
        "y": 89
    },
    "velocity": {
        "x": 7.869808945808171,
        "y": 3.8037409904739494
    }
}