{
    "timestamp": 1746702955.5033743,
    "current_position": {
        "x": 155,
        "y": 160
    },
    "predicted_position": {
        "x": 154,
        "y": 159
    },
    "velocity": {
        "x": -0.8637022193657445,
        "y": -1.8233713519943495
    }
}