{
    "timestamp": 1746702955.057835,
    "current_position": {
        "x": 122,
        "y": 71
    },
    "predicted_position": {
        "x": 122,
        "y": 70
    },
    "velocity": {
        "x": 6.215714065369357,
        "y": -1.4035483373414679
    }
}