{
    "timestamp": 1746702951.6708765,
    "current_position": {
        "x": 174,
        "y": 82
    },
    "predicted_position": {
        "x": 174,
        "y": 82
    },
    "velocity": {
        "x": 9.259596289958958,
        "y": 1.9733565863846962
    }
}