{
    "timestamp": 1746702955.7671816,
    "current_position": {
        "x": 60,
        "y": 123
    },
    "predicted_position": {
        "x": 59,
        "y": 123
    },
    "velocity": {
        "x": -0.2807919929337129,
        "y": 0.2807919929337129
    }
}