{
    "timestamp": 1746702958.727561,
    "current_position": {
        "x": 126,
        "y": 129
    },
    "predicted_position": {
        "x": 125,
        "y": 128
    },
    "velocity": {
        "x": -1.1726384141704227,
        "y": -1.0993485132847713
    }
}