{
    "timestamp": 1746702952.5857594,
    "current_position": {
        "x": 63,
        "y": 192
    },
    "predicted_position": {
        "x": 61,
        "y": 191
    },
    "velocity": {
        "x": -10.929481626087608,
        "y": -3.5987317549312854
    }
}