{
    "timestamp": 1746702955.5349648,
    "current_position": {
        "x": 76,
        "y": 114
    },
    "predicted_position": {
        "x": 75,
        "y": 113
    },
    "velocity": {
        "x": -7.558471589751685,
        "y": -4.401135356057943
    }
}