{
    "timestamp": 1746702951.7345047,
    "current_position": {
        "x": 76,
        "y": 89
    },
    "predicted_position": {
        "x": 74,
        "y": 89
    },
    "velocity": {
        "x": -11.426185835551687,
        "y": 3.6082692112268484
    }
}