{
    "timestamp": 1746702958.5908225,
    "current_position": {
        "x": 64,
        "y": 100
    },
    "predicted_position": {
        "x": 64,
        "y": 99
    },
    "velocity": {
        "x": 1.1104772206637366,
        "y": -3.923686179678536
    }
}