{
    "timestamp": 1746702954.9961958,
    "current_position": {
        "x": 51,
        "y": 69
    },
    "predicted_position": {
        "x": 50,
        "y": 68
    },
    "velocity": {
        "x": -1.0087682641705735,
        "y": -0.6052609585023441
    }
}