{
    "timestamp": 1746702951.0600333,
    "current_position": {
        "x": 136,
        "y": 77
    },
    "predicted_position": {
        "x": 136,
        "y": 76
    },
    "velocity": {
        "x": 1.1711723563681642,
        "y": -6.859723801584961
    }
}