{
    "timestamp": 1746702957.456686,
    "current_position": {
        "x": 101,
        "y": 177
    },
    "predicted_position": {
        "x": 101,
        "y": 176
    },
    "velocity": {
        "x": 2.4245226448010175,
        "y": -0.4040871074668363
    }
}