{
    "timestamp": 1746702950.3272436,
    "current_position": {
        "x": 139,
        "y": 91
    },
    "predicted_position": {
        "x": 138,
        "y": 90
    },
    "velocity": {
        "x": -0.19068949852569603,
        "y": -2.0975844837826565
    }
}