{
    "timestamp": 1746702954.5032728,
    "current_position": {
        "x": 160,
        "y": 126
    },
    "predicted_position": {
        "x": 160,
        "y": 126
    },
    "velocity": {
        "x": 8.386272582318847,
        "y": 2.866194426868467
    }
}