{
    "timestamp": 1746702958.3721113,
    "current_position": {
        "x": 55,
        "y": 123
    },
    "predicted_position": {
        "x": 54,
        "y": 122
    },
    "velocity": {
        "x": -1.4297544668066726,
        "y": -0.30100094038035213
    }
}