{
    "timestamp": 1746702950.2504094,
    "current_position": {
        "x": 143,
        "y": 115
    },
    "predicted_position": {
        "x": 143,
        "y": 114
    },
    "velocity": {
        "x": 1.3546744693607284,
        "y": -1.1611495451663387
    }
}