{
    "timestamp": 1746702958.32729,
    "current_position": {
        "x": 74,
        "y": 127
    },
    "predicted_position": {
        "x": 73,
        "y": 127
    },
    "velocity": {
        "x": -7.474984982472846,
        "y": 2.7936812560757103
    }
}