{
    "timestamp": 1746702952.7386274,
    "current_position": {
        "x": 217,
        "y": 85
    },
    "predicted_position": {
        "x": 216,
        "y": 84
    },
    "velocity": {
        "x": -2.351247313064986,
        "y": -0.5224994029033302
    }
}