{
    "timestamp": 1746702952.61537,
    "current_position": {
        "x": 163,
        "y": 91
    },
    "predicted_position": {
        "x": 164,
        "y": 89
    },
    "velocity": {
        "x": 13.276238881797557,
        "y": -13.409001270615533
    }
}