{
    "timestamp": 1746702955.7032688,
    "current_position": {
        "x": 63,
        "y": 120
    },
    "predicted_position": {
        "x": 62,
        "y": 120
    },
    "velocity": {
        "x": -0.9416060668620264,
        "y": 0.28248182005860795
    }
}