{
    "timestamp": 1746702950.4576693,
    "current_position": {
        "x": 138,
        "y": 92
    },
    "predicted_position": {
        "x": 137,
        "y": 92
    },
    "velocity": {
        "x": -0.18606198626781073,
        "y": 0.18606198626781073
    }
}