{
    "timestamp": 1746702953.5379996,
    "current_position": {
        "x": 81,
        "y": 99
    },
    "predicted_position": {
        "x": 80,
        "y": 99
    },
    "velocity": {
        "x": -3.7847949787649444,
        "y": 0.9461987446912361
    }
}