{
    "timestamp": 1746702952.6779535,
    "current_position": {
        "x": 175,
        "y": 60
    },
    "predicted_position": {
        "x": 174,
        "y": 59
    },
    "velocity": {
        "x": -0.5266735679259205,
        "y": -4.213388543407364
    }
}