{
    "timestamp": 1746702950.6508577,
    "current_position": {
        "x": 112,
        "y": 110
    },
    "predicted_position": {
        "x": 112,
        "y": 109
    },
    "velocity": {
        "x": 0.1796060429584461,
        "y": -0.1796060429584461
    }
}