{
    "timestamp": 1746702955.2586355,
    "current_position": {
        "x": 182,
        "y": 201
    },
    "predicted_position": {
        "x": 181,
        "y": 201
    },
    "velocity": {
        "x": -1.4741262498675878,
        "y": 5.7982299161458455
    }
}