{
    "timestamp": 1746702951.0993805,
    "current_position": {
        "x": 102,
        "y": 68
    },
    "predicted_position": {
        "x": 101,
        "y": 67
    },
    "velocity": {
        "x": -5.651347558641123,
        "y": -1.4959449419932385
    }
}