{
    "timestamp": 1746702950.8235216,
    "current_position": {
        "x": 123,
        "y": 107
    },
    "predicted_position": {
        "x": 123,
        "y": 106
    },
    "velocity": {
        "x": 1.0452223605053867,
        "y": -0.3484074535017956
    }
}