{
    "timestamp": 1746702950.204266,
    "current_position": {
        "x": 136,
        "y": 121
    },
    "predicted_position": {
        "x": 136,
        "y": 120
    },
    "velocity": {
        "x": 1.9526864928349188,
        "y": -8.006014620623167
    }
}