{
    "timestamp": 1746702958.2022085,
    "current_position": {
        "x": 84,
        "y": 92
    },
    "predicted_position": {
        "x": 84,
        "y": 92
    },
    "velocity": {
        "x": 1.8293948686772474,
        "y": 1.8293948686772474
    }
}