{
    "timestamp": 1746702957.497286,
    "current_position": {
        "x": 141,
        "y": 128
    },
    "predicted_position": {
        "x": 141,
        "y": 127
    },
    "velocity": {
        "x": 3.222124449876915,
        "y": -3.9471024510992208
    }
}