{
    "timestamp": 1746702955.5681396,
    "current_position": {
        "x": 53,
        "y": 115
    },
    "predicted_position": {
        "x": 52,
        "y": 115
    },
    "velocity": {
        "x": -2.193605052598069,
        "y": 0.09537413272165517
    }
}