{
    "timestamp": 1746702957.394911,
    "current_position": {
        "x": 79,
        "y": 176
    },
    "predicted_position": {
        "x": 78,
        "y": 175
    },
    "velocity": {
        "x": -0.8934521908751475,
        "y": -0.40611463221597616
    }
}