{
    "timestamp": 1746702951.7662983,
    "current_position": {
        "x": 169,
        "y": 172
    },
    "predicted_position": {
        "x": 170,
        "y": 173
    },
    "velocity": {
        "x": 13.915527062483052,
        "y": 12.419233829957992
    }
}