{
    "timestamp": 1746702957.365601,
    "current_position": {
        "x": 90,
        "y": 181
    },
    "predicted_position": {
        "x": 89,
        "y": 181
    },
    "velocity": {
        "x": -1.384084761234149,
        "y": 3.419503527754956
    }
}