{
    "timestamp": 1746702958.1716354,
    "current_position": {
        "x": 60,
        "y": 68
    },
    "predicted_position": {
        "x": 59,
        "y": 67
    },
    "velocity": {
        "x": -0.22920851304186068,
        "y": -1.7572652666542654
    }
}