{
    "timestamp": 1746702955.289502,
    "current_position": {
        "x": 179,
        "y": 200
    },
    "predicted_position": {
        "x": 178,
        "y": 199
    },
    "velocity": {
        "x": -0.2939336327180719,
        "y": -0.09797787757269062
    }
}