{
    "timestamp": 1746702958.8795438,
    "current_position": {
        "x": 120,
        "y": 111
    },
    "predicted_position": {
        "x": 119,
        "y": 110
    },
    "velocity": {
        "x": -0.2174475966722733,
        "y": -0.07248253222409111
    }
}