{
    "timestamp": 1746702955.472659,
    "current_position": {
        "x": 164,
        "y": 179
    },
    "predicted_position": {
        "x": 163,
        "y": 178
    },
    "velocity": {
        "x": -1.4437593898657457,
        "y": -2.021263145812044
    }
}