{
    "timestamp": 1746702955.1669037,
    "current_position": {
        "x": 192,
        "y": 143
    },
    "predicted_position": {
        "x": 192,
        "y": 143
    },
    "velocity": {
        "x": 7.338512481655403,
        "y": 0.892521788309441
    }
}