{
    "timestamp": 1746702958.8174994,
    "current_position": {
        "x": 130,
        "y": 111
    },
    "predicted_position": {
        "x": 129,
        "y": 111
    },
    "velocity": {
        "x": -4.8054579146007566,
        "y": 6.116037345855509
    }
}