{
    "timestamp": 1746702952.5538847,
    "current_position": {
        "x": 145,
        "y": 219
    },
    "predicted_position": {
        "x": 144,
        "y": 219
    },
    "velocity": {
        "x": -9.7714178229523,
        "y": 1.4724054253763739
    }
}