{
    "timestamp": 1746702951.178422,
    "current_position": {
        "x": 63,
        "y": 78
    },
    "predicted_position": {
        "x": 62,
        "y": 78
    },
    "velocity": {
        "x": -6.398366552822126,
        "y": 1.6406068084159298
    }
}