{
    "timestamp": 1746702950.512622,
    "current_position": {
        "x": 125,
        "y": 109
    },
    "predicted_position": {
        "x": 124,
        "y": 109
    },
    "velocity": {
        "x": -2.394324717369228,
        "y": 3.1310400150212985
    }
}