{
    "timestamp": 1746702954.5980084,
    "current_position": {
        "x": 27,
        "y": 63
    },
    "predicted_position": {
        "x": 26,
        "y": 62
    },
    "velocity": {
        "x": -4.939625116047143,
        "y": -4.309034675700699
    }
}