{
    "timestamp": 1746702950.5428433,
    "current_position": {
        "x": 114,
        "y": 120
    },
    "predicted_position": {
        "x": 113,
        "y": 120
    },
    "velocity": {
        "x": -2.014752734254144,
        "y": 2.014752734254144
    }
}