{
    "timestamp": 1746702950.0831668,
    "current_position": {
        "x": 147,
        "y": 146
    },
    "predicted_position": {
        "x": 147,
        "y": 146
    },
    "velocity": {
        "x": 0.3999959564617743,
        "y": 8.999909020389923
    }
}