{
    "timestamp": 1746702951.0233107,
    "current_position": {
        "x": 129,
        "y": 118
    },
    "predicted_position": {
        "x": 128,
        "y": 118
    },
    "velocity": {
        "x": -0.8417232989260558,
        "y": 4.208616494630279
    }
}