{
    "timestamp": 1746702950.883507,
    "current_position": {
        "x": 125,
        "y": 84
    },
    "predicted_position": {
        "x": 125,
        "y": 83
    },
    "velocity": {
        "x": 1.2068152539138912,
        "y": -0.8620108956527794
    }
}