{
    "timestamp": 1746702951.3011494,
    "current_position": {
        "x": 113,
        "y": 69
    },
    "predicted_position": {
        "x": 113,
        "y": 68
    },
    "velocity": {
        "x": 8.041128021392067,
        "y": -1.4474030438505723
    }
}