{
    "timestamp": 1746702958.5570931,
    "current_position": {
        "x": 49,
        "y": 153
    },
    "predicted_position": {
        "x": 49,
        "y": 152
    },
    "velocity": {
        "x": 0.14843427610047819,
        "y": -0.5937371044019127
    }
}