{
    "timestamp": 1746702951.8120775,
    "current_position": {
        "x": 87,
        "y": 184
    },
    "predicted_position": {
        "x": 85,
        "y": 184
    },
    "velocity": {
        "x": -12.1861305490437,
        "y": 1.7833361779088341
    }
}