{
    "timestamp": 1746702955.6723938,
    "current_position": {
        "x": 73,
        "y": 117
    },
    "predicted_position": {
        "x": 73,
        "y": 117
    },
    "velocity": {
        "x": 1.8887029817572125,
        "y": 0.18887029817572126
    }
}