{
    "timestamp": 1746702950.0524979,
    "current_position": {
        "x": 145,
        "y": 101
    },
    "predicted_position": {
        "x": 145,
        "y": 101
    },
    "velocity": {
        "x": 6.238200781774417,
        "y": 2.6160196826795943
    }
}