{
    "timestamp": 1746702957.7858675,
    "current_position": {
        "x": 137,
        "y": 129
    },
    "predicted_position": {
        "x": 137,
        "y": 128
    },
    "velocity": {
        "x": 0.7872310395050977,
        "y": -0.15744620790101954
    }
}