{
    "timestamp": 1746702955.814571,
    "current_position": {
        "x": 70,
        "y": 115
    },
    "predicted_position": {
        "x": 70,
        "y": 114
    },
    "velocity": {
        "x": 0.9318401244425166,
        "y": -0.7454720995540133
    }
}