{
    "timestamp": 1746702958.233372,
    "current_position": {
        "x": 182,
        "y": 85
    },
    "predicted_position": {
        "x": 182,
        "y": 84
    },
    "velocity": {
        "x": 7.452326584677652,
        "y": -0.5323090417626894
    }
}