{
    "timestamp": 1746702950.1737587,
    "current_position": {
        "x": 126,
        "y": 162
    },
    "predicted_position": {
        "x": 126,
        "y": 162
    },
    "velocity": {
        "x": 0.982194300014116,
        "y": 1.178633160016939
    }
}