{
    "timestamp": 1746702954.5510852,
    "current_position": {
        "x": 74,
        "y": 104
    },
    "predicted_position": {
        "x": 73,
        "y": 103
    },
    "velocity": {
        "x": -9.083257511544502,
        "y": -2.323624014581152
    }
}