{
    "timestamp": 1746702957.4249253,
    "current_position": {
        "x": 71,
        "y": 182
    },
    "predicted_position": {
        "x": 70,
        "y": 182
    },
    "velocity": {
        "x": -0.6482031910991184,
        "y": 0.48615239332433874
    }
}