{
    "timestamp": 1746702950.284419,
    "current_position": {
        "x": 140,
        "y": 102
    },
    "predicted_position": {
        "x": 139,
        "y": 101
    },
    "velocity": {
        "x": -0.5767785753886682,
        "y": -2.499373826684229
    }
}