{
    "timestamp": 1746702957.3330545,
    "current_position": {
        "x": 107,
        "y": 139
    },
    "predicted_position": {
        "x": 107,
        "y": 139
    },
    "velocity": {
        "x": 3.2653225824501826,
        "y": 6.040846777532838
    }
}