{
    "timestamp": 1746702958.125422,
    "current_position": {
        "x": 63,
        "y": 91
    },
    "predicted_position": {
        "x": 62,
        "y": 90
    },
    "velocity": {
        "x": -4.21704576105377,
        "y": -0.6133884743350938
    }
}