{
    "timestamp": 1746702952.782978,
    "current_position": {
        "x": 119,
        "y": 224
    },
    "predicted_position": {
        "x": 117,
        "y": 225
    },
    "velocity": {
        "x": -12.727501219130394,
        "y": 18.052272137338008
    }
}