{
    "timestamp": 1746702958.049023,
    "current_position": {
        "x": 138,
        "y": 144
    },
    "predicted_position": {
        "x": 138,
        "y": 144
    },
    "velocity": {
        "x": 5.475899378323583,
        "y": 7.2497822755269965
    }
}