{
    "timestamp": 1746702957.2417305,
    "current_position": {
        "x": 82,
        "y": 109
    },
    "predicted_position": {
        "x": 82,
        "y": 108
    },
    "velocity": {
        "x": 0.9869545857314845,
        "y": -0.49347729286574227
    }
}