{
    "timestamp": 1746702951.703711,
    "current_position": {
        "x": 152,
        "y": 65
    },
    "predicted_position": {
        "x": 151,
        "y": 64
    },
    "velocity": {
        "x": -3.322964305210739,
        "y": -2.567745144935571
    }
}