{
    "timestamp": 1746702950.8540413,
    "current_position": {
        "x": 118,
        "y": 89
    },
    "predicted_position": {
        "x": 117,
        "y": 88
    },
    "velocity": {
        "x": -0.8664122235169953,
        "y": -3.119084004661183
    }
}