{
    "timestamp": 1746702957.8936682,
    "current_position": {
        "x": 98,
        "y": 93
    },
    "predicted_position": {
        "x": 97,
        "y": 92
    },
    "velocity": {
        "x": -0.15612129894598403,
        "y": -0.07806064947299202
    }
}