{
    "timestamp": 1746702957.3028414,
    "current_position": {
        "x": 67,
        "y": 65
    },
    "predicted_position": {
        "x": 66,
        "y": 64
    },
    "velocity": {
        "x": -1.2275235193902465,
        "y": -3.6007356568780566
    }
}