{
    "timestamp": 1746702953.3992178,
    "current_position": {
        "x": 113,
        "y": 91
    },
    "predicted_position": {
        "x": 112,
        "y": 90
    },
    "velocity": {
        "x": -1.8037297774574947,
        "y": -4.809946073219986
    }
}