{
    "timestamp": 1746702950.9919038,
    "current_position": {
        "x": 134,
        "y": 93
    },
    "predicted_position": {
        "x": 134,
        "y": 93
    },
    "velocity": {
        "x": 0.33847891868584956,
        "y": 2.369352430800947
    }
}