{
    "timestamp": 1746702958.771888,
    "current_position": {
        "x": 196,
        "y": 27
    },
    "predicted_position": {
        "x": 196,
        "y": 26
    },
    "velocity": {
        "x": 5.11368013199368,
        "y": -7.451362478047934
    }
}