{
    "timestamp": 1746702955.104824,
    "current_position": {
        "x": 93,
        "y": 138
    },
    "predicted_position": {
        "x": 92,
        "y": 138
    },
    "velocity": {
        "x": -2.893718381763906,
        "y": 6.685487295799369
    }
}