{
    "timestamp": 1746702952.5063472,
    "current_position": {
        "x": 218,
        "y": 208
    },
    "predicted_position": {
        "x": 219,
        "y": 208
    },
    "velocity": {
        "x": 17.647302367888884,
        "y": 3.2330935635826963
    }
}