{
    "timestamp": 1746702958.649829,
    "current_position": {
        "x": 142,
        "y": 144
    },
    "predicted_position": {
        "x": 142,
        "y": 144
    },
    "velocity": {
        "x": 5.749366275897596,
        "y": 3.2432322581986437
    }
}