{
    "timestamp": 1746702955.2274861,
    "current_position": {
        "x": 197,
        "y": 142
    },
    "predicted_position": {
        "x": 197,
        "y": 141
    },
    "velocity": {
        "x": 0.49288423810990034,
        "y": -0.19715369524396012
    }
}