{
    "timestamp": 1746703517.4399586,
    "current_position": {
        "x": 117,
        "y": 210
    },
    "predicted_position": {
        "x": 113,
        "y": 212
    },
    "velocity": {
        "x": -24.90223482478262,
        "y": 17.647253025436502
    }
}