{
    "timestamp": 1746703522.0337822,
    "current_position": {
        "x": 177,
        "y": 130
    },
    "predicted_position": {
        "x": 176,
        "y": 130
    },
    "velocity": {
        "x": -0.722113457499578,
        "y": 4.43583981035455
    }
}