{
    "timestamp": 1746703520.8888097,
    "current_position": {
        "x": 210,
        "y": 112
    },
    "predicted_position": {
        "x": 210,
        "y": 111
    },
    "velocity": {
        "x": 0.2339511011261776,
        "y": -0.3509266516892664
    }
}