{
    "timestamp": 1746703529.1776483,
    "current_position": {
        "x": 88,
        "y": 146
    },
    "predicted_position": {
        "x": 88,
        "y": 145
    },
    "velocity": {
        "x": 0.059390768511535345,
        "y": -0.059390768511535345
    }
}