{
    "timestamp": 1746703529.7330718,
    "current_position": {
        "x": 111,
        "y": 124
    },
    "predicted_position": {
        "x": 111,
        "y": 123
    },
    "velocity": {
        "x": 0.05749420552091067,
        "y": -0.05749420552091067
    }
}