{
    "timestamp": 1746703532.9844115,
    "current_position": {
        "x": 98,
        "y": 85
    },
    "predicted_position": {
        "x": 98,
        "y": 85
    },
    "velocity": {
        "x": 0.09687858749893,
        "y": 0.48439293749465
    }
}