{
    "timestamp": 1746703522.3728123,
    "current_position": {
        "x": 125,
        "y": 113
    },
    "predicted_position": {
        "x": 124,
        "y": 113
    },
    "velocity": {
        "x": -0.4983654820725834,
        "y": 0.39869238565806675
    }
}