{
    "timestamp": 1746703516.0616946,
    "current_position": {
        "x": 55,
        "y": 156
    },
    "predicted_position": {
        "x": 54,
        "y": 157
    },
    "velocity": {
        "x": -2.1495669050651776,
        "y": 9.135659346527005
    }
}