{
    "timestamp": 1746703524.9732263,
    "current_position": {
        "x": 128,
        "y": 130
    },
    "predicted_position": {
        "x": 127,
        "y": 129
    },
    "velocity": {
        "x": -0.47493861291515194,
        "y": -1.6622851452030318
    }
}