{
    "timestamp": 1746703532.6236196,
    "current_position": {
        "x": 138,
        "y": 124
    },
    "predicted_position": {
        "x": 138,
        "y": 124
    },
    "velocity": {
        "x": 2.218540555779768,
        "y": 0.493009012395504
    }
}