{
    "timestamp": 1746703525.8545759,
    "current_position": {
        "x": 145,
        "y": 80
    },
    "predicted_position": {
        "x": 144,
        "y": 80
    },
    "velocity": {
        "x": -0.29597705377327693,
        "y": 0.8139368978765115
    }
}