{
    "timestamp": 1746703519.701901,
    "current_position": {
        "x": 194,
        "y": 112
    },
    "predicted_position": {
        "x": 194,
        "y": 112
    },
    "velocity": {
        "x": 0.5433390108403756,
        "y": 0.5433390108403756
    }
}