{
    "timestamp": 1746703524.2478845,
    "current_position": {
        "x": 22,
        "y": 61
    },
    "predicted_position": {
        "x": 22,
        "y": 61
    },
    "velocity": {
        "x": 0.9237588393333128,
        "y": 0.8397807630302844
    }
}