{
    "timestamp": 1746703519.1345546,
    "current_position": {
        "x": 120,
        "y": 119
    },
    "predicted_position": {
        "x": 119,
        "y": 119
    },
    "velocity": {
        "x": -4.120955987441525,
        "y": 1.9133009941692798
    }
}