{
    "timestamp": 1746703523.5069675,
    "current_position": {
        "x": 103,
        "y": 206
    },
    "predicted_position": {
        "x": 102,
        "y": 205
    },
    "velocity": {
        "x": -0.17909988760097525,
        "y": -0.26864983140146287
    }
}