{
    "timestamp": 1746703524.4329603,
    "current_position": {
        "x": 136,
        "y": 192
    },
    "predicted_position": {
        "x": 135,
        "y": 192
    },
    "velocity": {
        "x": -0.6615427109889713,
        "y": 4.961570332417285
    }
}