{
    "timestamp": 1746703523.5562713,
    "current_position": {
        "x": 100,
        "y": 165
    },
    "predicted_position": {
        "x": 99,
        "y": 164
    },
    "velocity": {
        "x": -0.267468916059917,
        "y": -3.655408519485533
    }
}