{
    "timestamp": 1746703516.4339373,
    "current_position": {
        "x": 127,
        "y": 80
    },
    "predicted_position": {
        "x": 125,
        "y": 77
    },
    "velocity": {
        "x": -10.259109404165917,
        "y": -13.678812538887888
    }
}