{
    "timestamp": 1746703525.669429,
    "current_position": {
        "x": 141,
        "y": 79
    },
    "predicted_position": {
        "x": 141,
        "y": 78
    },
    "velocity": {
        "x": 1.8005292159121935,
        "y": -5.101499445084548
    }
}