{
    "timestamp": 1746703523.4332223,
    "current_position": {
        "x": 105,
        "y": 209
    },
    "predicted_position": {
        "x": 104,
        "y": 208
    },
    "velocity": {
        "x": -0.721162020048665,
        "y": -0.721162020048665
    }
}