{
    "timestamp": 1746703518.8727493,
    "current_position": {
        "x": 129,
        "y": 129
    },
    "predicted_position": {
        "x": 130,
        "y": 127
    },
    "velocity": {
        "x": 8.572214110989762,
        "y": -10.409117134773282
    }
}