{
    "timestamp": 1746703516.154197,
    "current_position": {
        "x": 84,
        "y": 124
    },
    "predicted_position": {
        "x": 84,
        "y": 124
    },
    "velocity": {
        "x": 2.883973336400414,
        "y": 2.359614547963975
    }
}