{
    "timestamp": 1746703528.3227532,
    "current_position": {
        "x": 104,
        "y": 142
    },
    "predicted_position": {
        "x": 104,
        "y": 141
    },
    "velocity": {
        "x": 0.1251350011539988,
        "y": -0.312837502884997
    }
}