{
    "timestamp": 1746703525.746374,
    "current_position": {
        "x": 138,
        "y": 81
    },
    "predicted_position": {
        "x": 137,
        "y": 81
    },
    "velocity": {
        "x": -0.07459146703454395,
        "y": 0.1491829340690879
    }
}