{
    "timestamp": 1746703533.425801,
    "current_position": {
        "x": 90,
        "y": 171
    },
    "predicted_position": {
        "x": 89,
        "y": 170
    },
    "velocity": {
        "x": -1.2330581168531531,
        "y": -0.47425312186659735
    }
}