{
    "timestamp": 1746703524.7686083,
    "current_position": {
        "x": 173,
        "y": 135
    },
    "predicted_position": {
        "x": 172,
        "y": 135
    },
    "velocity": {
        "x": -0.32183850540866654,
        "y": 0.08045962635216664
    }
}