{
    "timestamp": 1746703520.7659278,
    "current_position": {
        "x": 143,
        "y": 145
    },
    "predicted_position": {
        "x": 144,
        "y": 144
    },
    "velocity": {
        "x": 12.224194438383625,
        "y": -1.8989039904285243
    }
}