{
    "timestamp": 1746703515.8768198,
    "current_position": {
        "x": 160,
        "y": 173
    },
    "predicted_position": {
        "x": 158,
        "y": 173
    },
    "velocity": {
        "x": -9.0477135767076,
        "y": 3.3928925912653503
    }
}