{
    "timestamp": 1746703519.6402361,
    "current_position": {
        "x": 213,
        "y": 149
    },
    "predicted_position": {
        "x": 213,
        "y": 148
    },
    "velocity": {
        "x": 1.7807678987808624,
        "y": -0.410946438180199
    }
}