{
    "timestamp": 1746703523.7391603,
    "current_position": {
        "x": 80,
        "y": 38
    },
    "predicted_position": {
        "x": 79,
        "y": 37
    },
    "velocity": {
        "x": -5.526730001801659,
        "y": -3.7722125409122436
    }
}