{
    "timestamp": 1746703521.0270917,
    "current_position": {
        "x": 167,
        "y": 154
    },
    "predicted_position": {
        "x": 166,
        "y": 154
    },
    "velocity": {
        "x": -1.1511351801868042,
        "y": 4.949881274803258
    }
}