{
    "timestamp": 1746703534.1641452,
    "current_position": {
        "x": 187,
        "y": 112
    },
    "predicted_position": {
        "x": 187,
        "y": 112
    },
    "velocity": {
        "x": 2.3826836957516586,
        "y": 0.32074588212041555
    }
}