{
    "timestamp": 1746703521.9392972,
    "current_position": {
        "x": 193,
        "y": 78
    },
    "predicted_position": {
        "x": 194,
        "y": 77
    },
    "velocity": {
        "x": 8.646479564795948,
        "y": -3.854454745752411
    }
}