{
    "timestamp": 1746703533.8578258,
    "current_position": {
        "x": 122,
        "y": 82
    },
    "predicted_position": {
        "x": 121,
        "y": 81
    },
    "velocity": {
        "x": -0.09294625714612449,
        "y": -0.13941938571918674
    }
}