{
    "timestamp": 1746703524.6333992,
    "current_position": {
        "x": 227,
        "y": 144
    },
    "predicted_position": {
        "x": 227,
        "y": 143
    },
    "velocity": {
        "x": 2.6030260311664017,
        "y": -2.521681467692452
    }
}