{
    "timestamp": 1746703522.2692387,
    "current_position": {
        "x": 130,
        "y": 109
    },
    "predicted_position": {
        "x": 130,
        "y": 109
    },
    "velocity": {
        "x": 0.7049896336240554,
        "y": 0.40285121921374595
    }
}