{
    "timestamp": 1746703533.3810499,
    "current_position": {
        "x": 116,
        "y": 181
    },
    "predicted_position": {
        "x": 116,
        "y": 181
    },
    "velocity": {
        "x": 3.6119895892351965,
        "y": 0.23763089402863136
    }
}