{
    "timestamp": 1746703532.7783136,
    "current_position": {
        "x": 127,
        "y": 116
    },
    "predicted_position": {
        "x": 126,
        "y": 115
    },
    "velocity": {
        "x": -3.131376059515537,
        "y": -2.397459795566583
    }
}