{
    "timestamp": 1746703519.211691,
    "current_position": {
        "x": 125,
        "y": 123
    },
    "predicted_position": {
        "x": 124,
        "y": 122
    },
    "velocity": {
        "x": -1.0186743073383193,
        "y": -0.14552490104833135
    }
}