{
    "timestamp": 1746703520.0580204,
    "current_position": {
        "x": 180,
        "y": 117
    },
    "predicted_position": {
        "x": 180,
        "y": 116
    },
    "velocity": {
        "x": 5.182686017171439,
        "y": -0.3887014512878579
    }
}