{
    "timestamp": 1746703526.4563031,
    "current_position": {
        "x": 144,
        "y": 85
    },
    "predicted_position": {
        "x": 143,
        "y": 84
    },
    "velocity": {
        "x": -0.07084015075326386,
        "y": -0.07084015075326386
    }
}