{
    "timestamp": 1746703522.1567864,
    "current_position": {
        "x": 176,
        "y": 128
    },
    "predicted_position": {
        "x": 175,
        "y": 127
    },
    "velocity": {
        "x": -0.10186648176269186,
        "y": -0.40746592705076745
    }
}