{
    "timestamp": 1746703519.6090205,
    "current_position": {
        "x": 200,
        "y": 152
    },
    "predicted_position": {
        "x": 200,
        "y": 151
    },
    "velocity": {
        "x": 0.9629927690578914,
        "y": -4.402252658550361
    }
}