{
    "timestamp": 1746703519.9619439,
    "current_position": {
        "x": 140,
        "y": 120
    },
    "predicted_position": {
        "x": 138,
        "y": 120
    },
    "velocity": {
        "x": -7.084820496856174,
        "y": 1.049603036571285
    }
}