{
    "timestamp": 1746703533.827165,
    "current_position": {
        "x": 124,
        "y": 85
    },
    "predicted_position": {
        "x": 124,
        "y": 84
    },
    "velocity": {
        "x": 2.699287689667217,
        "y": -2.187353817488952
    }
}