{
    "timestamp": 1746703534.210877,
    "current_position": {
        "x": 169,
        "y": 99
    },
    "predicted_position": {
        "x": 168,
        "y": 98
    },
    "velocity": {
        "x": -0.8230128194261948,
        "y": -0.5943981473633629
    }
}