{
    "timestamp": 1746703519.517663,
    "current_position": {
        "x": 192,
        "y": 224
    },
    "predicted_position": {
        "x": 193,
        "y": 224
    },
    "velocity": {
        "x": 10.588426286866548,
        "y": 1.3932139851140195
    }
}