{
    "timestamp": 1746703533.5219798,
    "current_position": {
        "x": 97,
        "y": 160
    },
    "predicted_position": {
        "x": 97,
        "y": 159
    },
    "velocity": {
        "x": 0.3776797836008471,
        "y": -0.5193097024511647
    }
}