{
    "timestamp": 1746703521.244157,
    "current_position": {
        "x": 101,
        "y": 131
    },
    "predicted_position": {
        "x": 100,
        "y": 130
    },
    "velocity": {
        "x": -1.796916459508583,
        "y": -0.11230727871928643
    }
}