{
    "timestamp": 1746703537.9121268,
    "current_position": {
        "x": 107,
        "y": 109
    },
    "predicted_position": {
        "x": 106,
        "y": 109
    },
    "velocity": {
        "x": -0.11731529997255569,
        "y": 0.0782101999817038
    }
}