{
    "timestamp": 1746703529.6405478,
    "current_position": {
        "x": 110,
        "y": 126
    },
    "predicted_position": {
        "x": 110,
        "y": 125
    },
    "velocity": {
        "x": 0.11560337438715049,
        "y": -0.17340506158072574
    }
}