{
    "timestamp": 1746703534.2868288,
    "current_position": {
        "x": 127,
        "y": 81
    },
    "predicted_position": {
        "x": 127,
        "y": 81
    },
    "velocity": {
        "x": 0.1822588002534665,
        "y": 0.22782350031683313
    }
}