{
    "timestamp": 1746703521.52245,
    "current_position": {
        "x": 91,
        "y": 90
    },
    "predicted_position": {
        "x": 91,
        "y": 90
    },
    "velocity": {
        "x": 0.2178071437798147,
        "y": 0.9801321470091662
    }
}