{
    "timestamp": 1746703516.1073256,
    "current_position": {
        "x": 73,
        "y": 115
    },
    "predicted_position": {
        "x": 73,
        "y": 113
    },
    "velocity": {
        "x": 4.777943917970525,
        "y": -10.88309447982175
    }
}