{
    "timestamp": 1746703516.3402576,
    "current_position": {
        "x": 169,
        "y": 136
    },
    "predicted_position": {
        "x": 170,
        "y": 136
    },
    "velocity": {
        "x": 8.24949894908493,
        "y": 0.4999696332778746
    }
}