{
    "timestamp": 1746703534.4405992,
    "current_position": {
        "x": 128,
        "y": 97
    },
    "predicted_position": {
        "x": 128,
        "y": 96
    },
    "velocity": {
        "x": 0.0,
        "y": -1.0406964572691308
    }
}