{
    "timestamp": 1746703521.6456044,
    "current_position": {
        "x": 36,
        "y": 173
    },
    "predicted_position": {
        "x": 36,
        "y": 172
    },
    "velocity": {
        "x": 2.579095020936462,
        "y": -1.3970098030072504
    }
}