{
    "timestamp": 1746703530.504072,
    "current_position": {
        "x": 42,
        "y": 165
    },
    "predicted_position": {
        "x": 42,
        "y": 165
    },
    "velocity": {
        "x": 1.1561293661117855,
        "y": 4.073979671060578
    }
}