{
    "timestamp": 1746703525.5926635,
    "current_position": {
        "x": 123,
        "y": 150
    },
    "predicted_position": {
        "x": 123,
        "y": 150
    },
    "velocity": {
        "x": 0.0,
        "y": 1.3582190421201965
    }
}