{
    "timestamp": 1746703532.5929782,
    "current_position": {
        "x": 93,
        "y": 114
    },
    "predicted_position": {
        "x": 92,
        "y": 113
    },
    "velocity": {
        "x": -0.4937549005506793,
        "y": -1.6787666618723096
    }
}