{
    "timestamp": 1746703534.0269954,
    "current_position": {
        "x": 135,
        "y": 105
    },
    "predicted_position": {
        "x": 135,
        "y": 104
    },
    "velocity": {
        "x": 1.752203337247431,
        "y": -1.106654739314167
    }
}