{
    "timestamp": 1746703518.407459,
    "current_position": {
        "x": 86,
        "y": 166
    },
    "predicted_position": {
        "x": 86,
        "y": 165
    },
    "velocity": {
        "x": 4.77960710458127,
        "y": -1.3185123047120746
    }
}