{
    "timestamp": 1746703518.4575353,
    "current_position": {
        "x": 198,
        "y": 152
    },
    "predicted_position": {
        "x": 200,
        "y": 151
    },
    "velocity": {
        "x": 18.30807084416184,
        "y": -2.28850885552023
    }
}