{
    "timestamp": 1746703521.2135267,
    "current_position": {
        "x": 117,
        "y": 132
    },
    "predicted_position": {
        "x": 116,
        "y": 131
    },
    "velocity": {
        "x": -1.0142545555727605,
        "y": -0.6761697037151736
    }
}