{
    "timestamp": 1746703528.137853,
    "current_position": {
        "x": 96,
        "y": 162
    },
    "predicted_position": {
        "x": 95,
        "y": 162
    },
    "velocity": {
        "x": -0.18989940015335732,
        "y": 0.06329980005111911
    }
}