{
    "timestamp": 1746703523.6004982,
    "current_position": {
        "x": 104,
        "y": 94
    },
    "predicted_position": {
        "x": 104,
        "y": 93
    },
    "velocity": {
        "x": 0.35522453354804484,
        "y": -6.305235470477795
    }
}