{
    "timestamp": 1746703530.239768,
    "current_position": {
        "x": 15,
        "y": 116
    },
    "predicted_position": {
        "x": 14,
        "y": 115
    },
    "velocity": {
        "x": -0.6704002997881895,
        "y": -0.6145336081391737
    }
}