{
    "timestamp": 1746703521.871706,
    "current_position": {
        "x": 110,
        "y": 115
    },
    "predicted_position": {
        "x": 110,
        "y": 115
    },
    "velocity": {
        "x": 2.937568903687506,
        "y": 5.770224632243315
    }
}