{
    "timestamp": 1746703524.295359,
    "current_position": {
        "x": 144,
        "y": 132
    },
    "predicted_position": {
        "x": 145,
        "y": 132
    },
    "velocity": {
        "x": 10.204641368554638,
        "y": 5.938766698093272
    }
}