{
    "timestamp": 1746703520.734957,
    "current_position": {
        "x": 40,
        "y": 161
    },
    "predicted_position": {
        "x": 40,
        "y": 160
    },
    "velocity": {
        "x": 2.501506179613495,
        "y": -2.0250288120680673
    }
}