{
    "timestamp": 1746703521.676266,
    "current_position": {
        "x": 56,
        "y": 101
    },
    "predicted_position": {
        "x": 56,
        "y": 99
    },
    "velocity": {
        "x": 2.142187420356905,
        "y": -7.711874713284859
    }
}