{
    "timestamp": 1746703516.2625515,
    "current_position": {
        "x": 136,
        "y": 134
    },
    "predicted_position": {
        "x": 136,
        "y": 134
    },
    "velocity": {
        "x": 5.098741137415823,
        "y": 0.25493705687079116
    }
}