{
    "timestamp": 1746703525.5471067,
    "current_position": {
        "x": 123,
        "y": 132
    },
    "predicted_position": {
        "x": 123,
        "y": 131
    },
    "velocity": {
        "x": 0.0,
        "y": -0.45430136920126035
    }
}