{
    "timestamp": 1746703522.218789,
    "current_position": {
        "x": 123,
        "y": 105
    },
    "predicted_position": {
        "x": 122,
        "y": 104
    },
    "velocity": {
        "x": -1.4171798470857062,
        "y": -0.6073627916081598
    }
}