{
    "timestamp": 1746703517.9931026,
    "current_position": {
        "x": 138,
        "y": 99
    },
    "predicted_position": {
        "x": 140,
        "y": 96
    },
    "velocity": {
        "x": 19.635286565357706,
        "y": -19.635286565357706
    }
}