{
    "timestamp": 1746703520.918574,
    "current_position": {
        "x": 202,
        "y": 105
    },
    "predicted_position": {
        "x": 201,
        "y": 104
    },
    "velocity": {
        "x": -0.9325575109100376,
        "y": -0.8159878220462828
    }
}