{
    "timestamp": 1746703521.1361809,
    "current_position": {
        "x": 136,
        "y": 131
    },
    "predicted_position": {
        "x": 135,
        "y": 130
    },
    "velocity": {
        "x": -1.1368589216696194,
        "y": -1.9326601668383532
    }
}