{
    "timestamp": 1746703538.435982,
    "current_position": {
        "x": 151,
        "y": 148
    },
    "predicted_position": {
        "x": 151,
        "y": 148
    },
    "velocity": {
        "x": 1.3028833006469724,
        "y": 0.07664019415570426
    }
}