{
    "timestamp": 1746703518.5959015,
    "current_position": {
        "x": 225,
        "y": 135
    },
    "predicted_position": {
        "x": 226,
        "y": 135
    },
    "velocity": {
        "x": 11.5091596732524,
        "y": 0.0
    }
}