{
    "timestamp": 1746703530.3182588,
    "current_position": {
        "x": 21,
        "y": 91
    },
    "predicted_position": {
        "x": 21,
        "y": 90
    },
    "velocity": {
        "x": 0.33373670854026755,
        "y": -1.3905696189177814
    }
}