{
    "timestamp": 1746703521.6141725,
    "current_position": {
        "x": 12,
        "y": 186
    },
    "predicted_position": {
        "x": 10,
        "y": 187
    },
    "velocity": {
        "x": -8.518293738672643,
        "y": 10.351344290032578
    }
}