{
    "timestamp": 1746703518.1015785,
    "current_position": {
        "x": 157,
        "y": 231
    },
    "predicted_position": {
        "x": 158,
        "y": 231
    },
    "velocity": {
        "x": 7.636815575763219,
        "y": 0.3471279807165099
    }
}