{
    "timestamp": 1746703521.2901437,
    "current_position": {
        "x": 89,
        "y": 124
    },
    "predicted_position": {
        "x": 88,
        "y": 123
    },
    "velocity": {
        "x": -1.340762793130085,
        "y": -0.782111629325883
    }
}