{
    "timestamp": 1746703526.2990177,
    "current_position": {
        "x": 104,
        "y": 160
    },
    "predicted_position": {
        "x": 104,
        "y": 159
    },
    "velocity": {
        "x": 1.0029369596406057,
        "y": -2.4357040448414713
    }
}