{
    "timestamp": 1746703543.9523468,
    "current_position": {
        "x": 250,
        "y": 221
    },
    "predicted_position": {
        "x": 250,
        "y": 221
    },
    "velocity": {
        "x": 3.701087272176875,
        "y": 5.535814295991052
    }
}