{
    "timestamp": 1746703515.6123998,
    "current_position": {
        "x": 119,
        "y": 152
    },
    "predicted_position": {
        "x": 120,
        "y": 152
    },
    "velocity": {
        "x": 7.028512584498584,
        "y": 2.13911252571696
    }
}