{
    "timestamp": 1746703529.5338452,
    "current_position": {
        "x": 104,
        "y": 134
    },
    "predicted_position": {
        "x": 104,
        "y": 133
    },
    "velocity": {
        "x": 0.23264158631203727,
        "y": -0.23264158631203727
    }
}