{
    "timestamp": 1746703527.953284,
    "current_position": {
        "x": 152,
        "y": 152
    },
    "predicted_position": {
        "x": 152,
        "y": 151
    },
    "velocity": {
        "x": 2.81811573685432,
        "y": -0.3202404246425363
    }
}