{
    "timestamp": 1746703523.7853873,
    "current_position": {
        "x": 79,
        "y": 150
    },
    "predicted_position": {
        "x": 78,
        "y": 151
    },
    "velocity": {
        "x": -0.08737155500013623,
        "y": 9.785614160015259
    }
}