{
    "timestamp": 1746703517.2017326,
    "current_position": {
        "x": 68,
        "y": 157
    },
    "predicted_position": {
        "x": 63,
        "y": 159
    },
    "velocity": {
        "x": -29.82484829602968,
        "y": 17.483531759741535
    }
}