{
    "timestamp": 1746703524.8717625,
    "current_position": {
        "x": 127,
        "y": 133
    },
    "predicted_position": {
        "x": 126,
        "y": 132
    },
    "velocity": {
        "x": -0.07979732871453044,
        "y": -2.553514518864974
    }
}