{
    "timestamp": 1746703528.3998969,
    "current_position": {
        "x": 108,
        "y": 133
    },
    "predicted_position": {
        "x": 108,
        "y": 132
    },
    "velocity": {
        "x": 0.24906782995992816,
        "y": -0.5604026174098383
    }
}