{
    "timestamp": 1746703518.6586847,
    "current_position": {
        "x": 70,
        "y": 198
    },
    "predicted_position": {
        "x": 70,
        "y": 199
    },
    "velocity": {
        "x": 6.013923783497079,
        "y": 9.495669131837493
    }
}