{
    "timestamp": 1746703524.8343644,
    "current_position": {
        "x": 128,
        "y": 165
    },
    "predicted_position": {
        "x": 127,
        "y": 165
    },
    "velocity": {
        "x": -3.6016280170894053,
        "y": 2.40108534472627
    }
}