{
    "timestamp": 1746703522.094937,
    "current_position": {
        "x": 180,
        "y": 127
    },
    "predicted_position": {
        "x": 180,
        "y": 127
    },
    "velocity": {
        "x": 0.41004939251049305,
        "y": 0.20502469625524652
    }
}