{
    "timestamp": 1746703533.703341,
    "current_position": {
        "x": 71,
        "y": 178
    },
    "predicted_position": {
        "x": 70,
        "y": 178
    },
    "velocity": {
        "x": -0.4212827098614759,
        "y": 1.0298021796613857
    }
}