{
    "timestamp": 1746703532.8094277,
    "current_position": {
        "x": 123,
        "y": 61
    },
    "predicted_position": {
        "x": 122,
        "y": 60
    },
    "velocity": {
        "x": -0.1954135173187062,
        "y": -2.6869358631322102
    }
}