{
    "timestamp": 1746703518.626784,
    "current_position": {
        "x": 32,
        "y": 138
    },
    "predicted_position": {
        "x": 27,
        "y": 138
    },
    "velocity": {
        "x": -30.699392330778604,
        "y": 0.4771926269032944
    }
}