{
    "timestamp": 1746703527.796386,
    "current_position": {
        "x": 2,
        "y": 162
    },
    "predicted_position": {
        "x": 1,
        "y": 162
    },
    "velocity": {
        "x": -2.005645399137913,
        "y": 3.8818943209120897
    }
}