{
    "timestamp": 1746703532.8867178,
    "current_position": {
        "x": 96,
        "y": 68
    },
    "predicted_position": {
        "x": 95,
        "y": 68
    },
    "velocity": {
        "x": -1.5574274784591382,
        "y": 0.24334804350924033
    }
}