{
    "timestamp": 1746703544.6904953,
    "current_position": {
        "x": 135,
        "y": 107
    },
    "predicted_position": {
        "x": 134,
        "y": 106
    },
    "velocity": {
        "x": -3.554815817934928,
        "y": -3.5239043760398414
    }
}