{
    "timestamp": 1746703524.5727308,
    "current_position": {
        "x": 195,
        "y": 175
    },
    "predicted_position": {
        "x": 194,
        "y": 175
    },
    "velocity": {
        "x": -0.1634959878365307,
        "y": 0.245243981754796
    }
}