{
    "timestamp": 1746703539.100796,
    "current_position": {
        "x": 133,
        "y": 46
    },
    "predicted_position": {
        "x": 132,
        "y": 45
    },
    "velocity": {
        "x": -1.0836753862954231,
        "y": -2.9894493415046153
    }
}