{
    "timestamp": 1746703528.4501998,
    "current_position": {
        "x": 176,
        "y": 96
    },
    "predicted_position": {
        "x": 176,
        "y": 95
    },
    "velocity": {
        "x": 4.220932247664657,
        "y": -2.2966837229940045
    }
}