{
    "timestamp": 1746703520.843751,
    "current_position": {
        "x": 208,
        "y": 115
    },
    "predicted_position": {
        "x": 207,
        "y": 114
    },
    "velocity": {
        "x": -0.11759536863714351,
        "y": -1.0583583177342917
    }
}