{
    "timestamp": 1746703518.549952,
    "current_position": {
        "x": 153,
        "y": 135
    },
    "predicted_position": {
        "x": 151,
        "y": 134
    },
    "velocity": {
        "x": -12.077416560813765,
        "y": -1.2882577664868016
    }
}