{
    "timestamp": 1746703518.2716274,
    "current_position": {
        "x": 171,
        "y": 155
    },
    "predicted_position": {
        "x": 171,
        "y": 155
    },
    "velocity": {
        "x": 3.7089407217424086,
        "y": 4.046117150991718
    }
}