{
    "timestamp": 1746703530.195818,
    "current_position": {
        "x": 27,
        "y": 127
    },
    "predicted_position": {
        "x": 26,
        "y": 126
    },
    "velocity": {
        "x": -1.5681176369376724,
        "y": -0.672050415830431
    }
}