{
    "timestamp": 1746703526.1078265,
    "current_position": {
        "x": 90,
        "y": 193
    },
    "predicted_position": {
        "x": 89,
        "y": 193
    },
    "velocity": {
        "x": -1.0894977535218306,
        "y": 2.6147946084523936
    }
}