{
    "timestamp": 1746703523.38407,
    "current_position": {
        "x": 113,
        "y": 217
    },
    "predicted_position": {
        "x": 112,
        "y": 217
    },
    "velocity": {
        "x": -2.1731148128459132,
        "y": 0.9054645053524638
    }
}