{
    "timestamp": 1746703518.5190609,
    "current_position": {
        "x": 228,
        "y": 143
    },
    "predicted_position": {
        "x": 228,
        "y": 142
    },
    "velocity": {
        "x": 0.9710236580923307,
        "y": -1.4565354871384961
    }
}