{
    "timestamp": 1746703533.7486787,
    "current_position": {
        "x": 55,
        "y": 173
    },
    "predicted_position": {
        "x": 54,
        "y": 172
    },
    "velocity": {
        "x": -0.747360975392186,
        "y": -0.23355030481005812
    }
}