{
    "timestamp": 1746703518.3801956,
    "current_position": {
        "x": 57,
        "y": 174
    },
    "predicted_position": {
        "x": 56,
        "y": 174
    },
    "velocity": {
        "x": -1.8211375028099195,
        "y": 1.8211375028099195
    }
}