{
    "timestamp": 1746703533.0893118,
    "current_position": {
        "x": 104,
        "y": 87
    },
    "predicted_position": {
        "x": 104,
        "y": 87
    },
    "velocity": {
        "x": 0.28916642134574666,
        "y": 0.0963888071152489
    }
}