{
    "timestamp": 1746703520.6731794,
    "current_position": {
        "x": 22,
        "y": 177
    },
    "predicted_position": {
        "x": 19,
        "y": 178
    },
    "velocity": {
        "x": -18.96038370069707,
        "y": 7.200145709125469
    }
}