{
    "timestamp": 1746703522.1884186,
    "current_position": {
        "x": 137,
        "y": 111
    },
    "predicted_position": {
        "x": 136,
        "y": 110
    },
    "velocity": {
        "x": -3.9600325367006235,
        "y": -1.7261680288182206
    }
}