{
    "timestamp": 1746703534.3938072,
    "current_position": {
        "x": 128,
        "y": 120
    },
    "predicted_position": {
        "x": 128,
        "y": 119
    },
    "velocity": {
        "x": 0.09068735012888066,
        "y": -0.31740572545108225
    }
}