{
    "timestamp": 1746703529.6870954,
    "current_position": {
        "x": 110,
        "y": 125
    },
    "predicted_position": {
        "x": 110,
        "y": 124
    },
    "velocity": {
        "x": 0.0,
        "y": -0.057646587161191074
    }
}