{
    "timestamp": 1746703520.9953334,
    "current_position": {
        "x": 177,
        "y": 111
    },
    "predicted_position": {
        "x": 176,
        "y": 111
    },
    "velocity": {
        "x": -1.6175025351872756,
        "y": 1.039823058334677
    }
}