{
    "timestamp": 1746703518.0548403,
    "current_position": {
        "x": 113,
        "y": 229
    },
    "predicted_position": {
        "x": 112,
        "y": 232
    },
    "velocity": {
        "x": -5.949437865680178,
        "y": 21.172999463155925
    }
}