{
    "timestamp": 1746703527.8269591,
    "current_position": {
        "x": 24,
        "y": 169
    },
    "predicted_position": {
        "x": 24,
        "y": 169
    },
    "velocity": {
        "x": 1.4205513611452802,
        "y": 0.4519936149098619
    }
}