{
    "timestamp": 1746703515.9123292,
    "current_position": {
        "x": 149,
        "y": 147
    },
    "predicted_position": {
        "x": 148,
        "y": 145
    },
    "velocity": {
        "x": -3.0792361639798997,
        "y": -7.278194569407035
    }
}