{
    "timestamp": 1746703523.6460228,
    "current_position": {
        "x": 124,
        "y": 51
    },
    "predicted_position": {
        "x": 124,
        "y": 50
    },
    "velocity": {
        "x": 1.7689709597057919,
        "y": -3.8032875633674523
    }
}