{
    "timestamp": 1746703530.6242187,
    "current_position": {
        "x": 124,
        "y": 179
    },
    "predicted_position": {
        "x": 124,
        "y": 178
    },
    "velocity": {
        "x": 0.1640760516007991,
        "y": -0.10938403440053275
    }
}