{
    "timestamp": 1746703515.4741583,
    "current_position": {
        "x": 60,
        "y": 139
    },
    "predicted_position": {
        "x": 60,
        "y": 139
    },
    "velocity": {
        "x": 3.82879713448299,
        "y": 3.5097307066094072
    }
}