{
    "timestamp": 1746703515.6731842,
    "current_position": {
        "x": 190,
        "y": 171
    },
    "predicted_position": {
        "x": 193,
        "y": 171
    },
    "velocity": {
        "x": 21.30104720018689,
        "y": 5.700280236669731
    }
}