{
    "timestamp": 1746703533.671779,
    "current_position": {
        "x": 80,
        "y": 156
    },
    "predicted_position": {
        "x": 79,
        "y": 156
    },
    "velocity": {
        "x": -2.625193088547663,
        "y": 0.32814913606845786
    }
}