{
    "timestamp": 1746703521.970786,
    "current_position": {
        "x": 184,
        "y": 87
    },
    "predicted_position": {
        "x": 183,
        "y": 87
    },
    "velocity": {
        "x": -0.9345045819860648,
        "y": 0.9345045819860648
    }
}