{
    "timestamp": 1746703519.103468,
    "current_position": {
        "x": 148,
        "y": 106
    },
    "predicted_position": {
        "x": 148,
        "y": 106
    },
    "velocity": {
        "x": 1.6263881188011313,
        "y": 0.1478534653455574
    }
}