{
    "timestamp": 1746703521.0601034,
    "current_position": {
        "x": 145,
        "y": 145
    },
    "predicted_position": {
        "x": 144,
        "y": 144
    },
    "velocity": {
        "x": -2.5229101108490206,
        "y": -1.032099590801872
    }
}