{
    "timestamp": 1746703530.1477427,
    "current_position": {
        "x": 55,
        "y": 139
    },
    "predicted_position": {
        "x": 54,
        "y": 139
    },
    "velocity": {
        "x": -6.626336591310669,
        "y": 3.3131682956553345
    }
}