{
    "timestamp": 1746703519.5483074,
    "current_position": {
        "x": 186,
        "y": 208
    },
    "predicted_position": {
        "x": 185,
        "y": 207
    },
    "velocity": {
        "x": -0.8323746316660267,
        "y": -2.219665684442738
    }
}