{
    "timestamp": 1746703519.6724975,
    "current_position": {
        "x": 190,
        "y": 108
    },
    "predicted_position": {
        "x": 189,
        "y": 107
    },
    "velocity": {
        "x": -3.1367274333887982,
        "y": -5.5915575986495965
    }
}