{
    "timestamp": 1746703525.8259795,
    "current_position": {
        "x": 149,
        "y": 69
    },
    "predicted_position": {
        "x": 149,
        "y": 68
    },
    "velocity": {
        "x": 0.07415116505772304,
        "y": -0.3707558252886152
    }
}