{
    "timestamp": 1746703529.2867353,
    "current_position": {
        "x": 91,
        "y": 153
    },
    "predicted_position": {
        "x": 91,
        "y": 152
    },
    "velocity": {
        "x": 0.35405080083486007,
        "y": -0.17702540041743003
    }
}