{
    "timestamp": 1746703528.0449505,
    "current_position": {
        "x": 172,
        "y": 138
    },
    "predicted_position": {
        "x": 172,
        "y": 137
    },
    "velocity": {
        "x": 1.209810740721202,
        "y": -0.31837124755821106
    }
}