{
    "timestamp": 1746703535.5327673,
    "current_position": {
        "x": 198,
        "y": 124
    },
    "predicted_position": {
        "x": 198,
        "y": 123
    },
    "velocity": {
        "x": 3.104418058634449,
        "y": -0.08623383496206803
    }
}