{
    "timestamp": 1746703538.4669359,
    "current_position": {
        "x": 126,
        "y": 130
    },
    "predicted_position": {
        "x": 125,
        "y": 129
    },
    "velocity": {
        "x": -0.9568674330480885,
        "y": -0.6889445517946238
    }
}