{
    "timestamp": 1746703524.4802089,
    "current_position": {
        "x": 197,
        "y": 172
    },
    "predicted_position": {
        "x": 197,
        "y": 171
    },
    "velocity": {
        "x": 5.024631328583957,
        "y": -1.6474201077324448
    }
}