{
    "timestamp": 1746703533.6266644,
    "current_position": {
        "x": 136,
        "y": 149
    },
    "predicted_position": {
        "x": 136,
        "y": 148
    },
    "velocity": {
        "x": 1.8321342504503673,
        "y": -0.5167558142295908
    }
}