{
    "timestamp": 1746703519.0736313,
    "current_position": {
        "x": 137,
        "y": 105
    },
    "predicted_position": {
        "x": 137,
        "y": 104
    },
    "velocity": {
        "x": 1.039560228284448,
        "y": -4.752275329300334
    }
}