{
    "timestamp": 1746703537.8490655,
    "current_position": {
        "x": 107,
        "y": 109
    },
    "predicted_position": {
        "x": 106,
        "y": 108
    },
    "velocity": {
        "x": -3.5673612691047354,
        "y": -0.5880265828194619
    }
}