{
    "timestamp": 1746703534.2571435,
    "current_position": {
        "x": 123,
        "y": 76
    },
    "predicted_position": {
        "x": 122,
        "y": 75
    },
    "velocity": {
        "x": -2.098815059989763,
        "y": -1.0494075299948815
    }
}