{
    "timestamp": 1746703532.4727862,
    "current_position": {
        "x": 143,
        "y": 205
    },
    "predicted_position": {
        "x": 143,
        "y": 205
    },
    "velocity": {
        "x": 1.0430754657072436,
        "y": 4.1723018628289745
    }
}