{
    "timestamp": 1746703533.3189328,
    "current_position": {
        "x": 40,
        "y": 176
    },
    "predicted_position": {
        "x": 40,
        "y": 175
    },
    "velocity": {
        "x": 1.4776739147531206,
        "y": -3.241349232361684
    }
}