{
    "timestamp": 1746703533.7822042,
    "current_position": {
        "x": 66,
        "y": 132
    },
    "predicted_position": {
        "x": 66,
        "y": 131
    },
    "velocity": {
        "x": 0.5130073131323055,
        "y": -1.9121181671295024
    }
}