{
    "timestamp": 1746703523.2645352,
    "current_position": {
        "x": 137,
        "y": 207
    },
    "predicted_position": {
        "x": 135,
        "y": 207
    },
    "velocity": {
        "x": -7.7806618659315125,
        "y": 2.9291903495271576
    }
}