{
    "timestamp": 1746703533.9509628,
    "current_position": {
        "x": 97,
        "y": 129
    },
    "predicted_position": {
        "x": 96,
        "y": 129
    },
    "velocity": {
        "x": -0.27763705581925097,
        "y": 0.18509137054616728
    }
}