{
    "timestamp": 1746703538.8363094,
    "current_position": {
        "x": 137,
        "y": 151
    },
    "predicted_position": {
        "x": 136,
        "y": 151
    },
    "velocity": {
        "x": -0.1132233782041358,
        "y": 0.6793402692248148
    }
}