{
    "timestamp": 1746703517.4108624,
    "current_position": {
        "x": 244,
        "y": 120
    },
    "predicted_position": {
        "x": 249,
        "y": 118
    },
    "velocity": {
        "x": 35.29981747336706,
        "y": -7.493815999932671
    }
}