{
    "timestamp": 1746703519.48613,
    "current_position": {
        "x": 116,
        "y": 214
    },
    "predicted_position": {
        "x": 117,
        "y": 214
    },
    "velocity": {
        "x": 13.014063733402551,
        "y": 5.597446767054861
    }
}