{
    "timestamp": 1746703525.3993874,
    "current_position": {
        "x": 123,
        "y": 149
    },
    "predicted_position": {
        "x": 122,
        "y": 149
    },
    "velocity": {
        "x": -0.3828667830251473,
        "y": 1.4548937754955598
    }
}