{
    "timestamp": 1746703520.9519064,
    "current_position": {
        "x": 191,
        "y": 102
    },
    "predicted_position": {
        "x": 190,
        "y": 101
    },
    "velocity": {
        "x": -1.2773035616063966,
        "y": -0.34835551680174454
    }
}