{
    "timestamp": 1746703519.354902,
    "current_position": {
        "x": 127,
        "y": 126
    },
    "predicted_position": {
        "x": 127,
        "y": 126
    },
    "velocity": {
        "x": 0.285107929049026,
        "y": 0.42766189357353895
    }
}