{
    "timestamp": 1746703520.8123388,
    "current_position": {
        "x": 209,
        "y": 124
    },
    "predicted_position": {
        "x": 210,
        "y": 123
    },
    "velocity": {
        "x": 7.790070229201484,
        "y": -2.478658709291381
    }
}