{
    "timestamp": 1746703529.5799909,
    "current_position": {
        "x": 108,
        "y": 129
    },
    "predicted_position": {
        "x": 108,
        "y": 128
    },
    "velocity": {
        "x": 0.232018882224392,
        "y": -0.29002360278049
    }
}