{
    "timestamp": 1746703521.182424,
    "current_position": {
        "x": 126,
        "y": 138
    },
    "predicted_position": {
        "x": 125,
        "y": 138
    },
    "velocity": {
        "x": -1.1309134851065257,
        "y": 0.791639439574568
    }
}