{
    "timestamp": 1746703526.3454814,
    "current_position": {
        "x": 93,
        "y": 182
    },
    "predicted_position": {
        "x": 92,
        "y": 182
    },
    "velocity": {
        "x": -0.7854076008987255,
        "y": 1.570815201797451
    }
}