{
    "timestamp": 1746703527.906033,
    "current_position": {
        "x": 108,
        "y": 157
    },
    "predicted_position": {
        "x": 108,
        "y": 156
    },
    "velocity": {
        "x": 4.175762778112625,
        "y": -0.8351525556225249
    }
}