{
    "timestamp": 1746703527.8596256,
    "current_position": {
        "x": 43,
        "y": 170
    },
    "predicted_position": {
        "x": 43,
        "y": 170
    },
    "velocity": {
        "x": 1.2242574987672437,
        "y": 0.06443460519827598
    }
}