{
    "timestamp": 1746703522.0648904,
    "current_position": {
        "x": 176,
        "y": 125
    },
    "predicted_position": {
        "x": 175,
        "y": 124
    },
    "velocity": {
        "x": -0.10282907792611676,
        "y": -0.5141453896305838
    }
}