{
    "timestamp": 1746703516.930314,
    "current_position": {
        "x": 237,
        "y": 70
    },
    "predicted_position": {
        "x": 242,
        "y": 69
    },
    "velocity": {
        "x": 35.291815852513395,
        "y": -6.317670739030175
    }
}