{
    "timestamp": 1746703519.1653657,
    "current_position": {
        "x": 132,
        "y": 124
    },
    "predicted_position": {
        "x": 132,
        "y": 124
    },
    "velocity": {
        "x": 1.7581513390732726,
        "y": 0.7325630579471969
    }
}