{
    "timestamp": 1746703518.2413485,
    "current_position": {
        "x": 149,
        "y": 131
    },
    "predicted_position": {
        "x": 146,
        "y": 129
    },
    "velocity": {
        "x": -15.420242769994879,
        "y": -9.319926948898004
    }
}