{
    "timestamp": 1746703516.2230778,
    "current_position": {
        "x": 116,
        "y": 133
    },
    "predicted_position": {
        "x": 116,
        "y": 133
    },
    "velocity": {
        "x": 3.3478724757006417,
        "y": 1.2876432598848622
    }
}