{
    "timestamp": 1746703532.8398104,
    "current_position": {
        "x": 128,
        "y": 63
    },
    "predicted_position": {
        "x": 128,
        "y": 63
    },
    "velocity": {
        "x": 0.24390487003877248,
        "y": 0.09756194801550899
    }
}