{
    "timestamp": 1746703518.1329992,
    "current_position": {
        "x": 208,
        "y": 207
    },
    "predicted_position": {
        "x": 209,
        "y": 206
    },
    "velocity": {
        "x": 8.803752215553692,
        "y": -4.14294221908409
    }
}