{
    "timestamp": 1746703537.8809302,
    "current_position": {
        "x": 110,
        "y": 107
    },
    "predicted_position": {
        "x": 110,
        "y": 106
    },
    "velocity": {
        "x": 0.11745859310598836,
        "y": -0.07830572873732558
    }
}