{
    "timestamp": 1746703538.1757524,
    "current_position": {
        "x": 117,
        "y": 146
    },
    "predicted_position": {
        "x": 117,
        "y": 146
    },
    "velocity": {
        "x": 0.5031789743463766,
        "y": 1.5482429979888512
    }
}