{
    "timestamp": 1746703522.5872474,
    "current_position": {
        "x": 222,
        "y": 175
    },
    "predicted_position": {
        "x": 223,
        "y": 175
    },
    "velocity": {
        "x": 9.66114492902968,
        "y": 6.050413995957982
    }
}