{
    "timestamp": 1746703518.750593,
    "current_position": {
        "x": 73,
        "y": 197
    },
    "predicted_position": {
        "x": 73,
        "y": 196
    },
    "velocity": {
        "x": 0.46797650423904213,
        "y": -0.15599216807968072
    }
}