{
    "timestamp": 1746703528.2619765,
    "current_position": {
        "x": 102,
        "y": 147
    },
    "predicted_position": {
        "x": 102,
        "y": 146
    },
    "velocity": {
        "x": 0.06280633087451043,
        "y": -0.1884189926235313
    }
}