{
    "timestamp": 1746703526.3920655,
    "current_position": {
        "x": 145,
        "y": 86
    },
    "predicted_position": {
        "x": 145,
        "y": 84
    },
    "velocity": {
        "x": 3.7005274627195335,
        "y": -6.8317430080976
    }
}