{
    "timestamp": 1746703525.7790077,
    "current_position": {
        "x": 148,
        "y": 74
    },
    "predicted_position": {
        "x": 148,
        "y": 73
    },
    "velocity": {
        "x": 0.7441033727012483,
        "y": -0.5208723608908737
    }
}