{
    "timestamp": 1746703528.9940252,
    "current_position": {
        "x": 87,
        "y": 147
    },
    "predicted_position": {
        "x": 86,
        "y": 147
    },
    "velocity": {
        "x": -5.344058106410523,
        "y": 3.062325431763333
    }
}