{
    "timestamp": 1746703528.183735,
    "current_position": {
        "x": 101,
        "y": 150
    },
    "predicted_position": {
        "x": 101,
        "y": 149
    },
    "velocity": {
        "x": 0.31558244765853066,
        "y": -0.7573978743804736
    }
}