{
    "timestamp": 1746703515.5405455,
    "current_position": {
        "x": 96,
        "y": 145
    },
    "predicted_position": {
        "x": 97,
        "y": 145
    },
    "velocity": {
        "x": 11.248134330164953,
        "y": 1.8746890550274922
    }
}