{
    "timestamp": 1746703530.5792856,
    "current_position": {
        "x": 121,
        "y": 181
    },
    "predicted_position": {
        "x": 121,
        "y": 181
    },
    "velocity": {
        "x": 4.331313478624678,
        "y": 0.8772280463037323
    }
}