{
    "timestamp": 1746703530.6870732,
    "current_position": {
        "x": 133,
        "y": 151
    },
    "predicted_position": {
        "x": 133,
        "y": 150
    },
    "velocity": {
        "x": 0.49054184805789797,
        "y": -1.0900929956842178
    }
}