{
    "timestamp": 1746703537.943291,
    "current_position": {
        "x": 104,
        "y": 106
    },
    "predicted_position": {
        "x": 103,
        "y": 105
    },
    "velocity": {
        "x": -0.11717250442424047,
        "y": -0.11717250442424047
    }
}