{
    "timestamp": 1746703520.7047563,
    "current_position": {
        "x": 19,
        "y": 178
    },
    "predicted_position": {
        "x": 18,
        "y": 178
    },
    "velocity": {
        "x": -0.35864825913859,
        "y": 0.11954941971286333
    }
}