{
    "timestamp": 1746703534.4870346,
    "current_position": {
        "x": 126,
        "y": 125
    },
    "predicted_position": {
        "x": 125,
        "y": 125
    },
    "velocity": {
        "x": -0.0903056037498611,
        "y": 1.2642784524980555
    }
}