{
    "timestamp": 1746703525.6388383,
    "current_position": {
        "x": 117,
        "y": 147
    },
    "predicted_position": {
        "x": 116,
        "y": 146
    },
    "velocity": {
        "x": -0.45116772601109134,
        "y": -0.22558386300554567
    }
}