{
    "timestamp": 1746703523.6926162,
    "current_position": {
        "x": 143,
        "y": 81
    },
    "predicted_position": {
        "x": 143,
        "y": 81
    },
    "velocity": {
        "x": 1.6736251997269336,
        "y": 2.6425661048320004
    }
}