{
    "timestamp": 1746703538.8052082,
    "current_position": {
        "x": 140,
        "y": 133
    },
    "predicted_position": {
        "x": 140,
        "y": 133
    },
    "velocity": {
        "x": 2.41827062309909,
        "y": 0.831280526690312
    }
}