{
    "timestamp": 1746703524.7269008,
    "current_position": {
        "x": 177,
        "y": 134
    },
    "predicted_position": {
        "x": 176,
        "y": 133
    },
    "velocity": {
        "x": -4.197988057442564,
        "y": -0.5651137769634221
    }
}