{
    "timestamp": 1746703528.0908542,
    "current_position": {
        "x": 99,
        "y": 161
    },
    "predicted_position": {
        "x": 98,
        "y": 161
    },
    "velocity": {
        "x": -4.6346736077539825,
        "y": 1.4602396298402958
    }
}