{
    "timestamp": 1746703533.1957192,
    "current_position": {
        "x": 9,
        "y": 244
    },
    "predicted_position": {
        "x": 8,
        "y": 245
    },
    "velocity": {
        "x": -4.555108641406964,
        "y": 7.5279163863251926
    }
}