{
    "timestamp": 1746703521.707859,
    "current_position": {
        "x": 55,
        "y": 60
    },
    "predicted_position": {
        "x": 54,
        "y": 59
    },
    "velocity": {
        "x": -0.10674814432921735,
        "y": -4.376673917497911
    }
}