{
    "timestamp": 1746703524.2016711,
    "current_position": {
        "x": 11,
        "y": 51
    },
    "predicted_position": {
        "x": 10,
        "y": 49
    },
    "velocity": {
        "x": -5.732757512940392,
        "y": -8.346220496780864
    }
}