{
    "timestamp": 1746703529.3803487,
    "current_position": {
        "x": 97,
        "y": 143
    },
    "predicted_position": {
        "x": 97,
        "y": 142
    },
    "velocity": {
        "x": 0.3521057747359919,
        "y": -0.5281586621039879
    }
}