{
    "timestamp": 1746703524.681213,
    "current_position": {
        "x": 229,
        "y": 141
    },
    "predicted_position": {
        "x": 229,
        "y": 140
    },
    "velocity": {
        "x": 0.16205881848944734,
        "y": -0.24308822773417102
    }
}