{
    "timestamp": 1746703530.7318347,
    "current_position": {
        "x": 122,
        "y": 121
    },
    "predicted_position": {
        "x": 121,
        "y": 120
    },
    "velocity": {
        "x": -0.5980919793452198,
        "y": -1.6311599436687814
    }
}