{
    "timestamp": 1746703515.970184,
    "current_position": {
        "x": 139,
        "y": 105
    },
    "predicted_position": {
        "x": 138,
        "y": 103
    },
    "velocity": {
        "x": -2.754692390677704,
        "y": -11.569708040846356
    }
}