{
    "timestamp": 1746703529.20869,
    "current_position": {
        "x": 85,
        "y": 156
    },
    "predicted_position": {
        "x": 84,
        "y": 156
    },
    "velocity": {
        "x": -0.17784443406206482,
        "y": 0.5928147802068827
    }
}