{
    "timestamp": 1746703518.3345766,
    "current_position": {
        "x": 68,
        "y": 163
    },
    "predicted_position": {
        "x": 65,
        "y": 162
    },
    "velocity": {
        "x": -18.183146929674106,
        "y": -1.6681786174012943
    }
}