{
    "timestamp": 1746703533.8900383,
    "current_position": {
        "x": 133,
        "y": 108
    },
    "predicted_position": {
        "x": 133,
        "y": 108
    },
    "velocity": {
        "x": 0.5104402773175671,
        "y": 1.2064952009324315
    }
}