{
    "timestamp": 1746703529.471513,
    "current_position": {
        "x": 100,
        "y": 138
    },
    "predicted_position": {
        "x": 100,
        "y": 137
    },
    "velocity": {
        "x": 0.17511603136061557,
        "y": -0.2918600522676926
    }
}