{
    "timestamp": 1746703532.5483305,
    "current_position": {
        "x": 103,
        "y": 148
    },
    "predicted_position": {
        "x": 102,
        "y": 147
    },
    "velocity": {
        "x": -1.979383155839642,
        "y": -2.7216518392795077
    }
}