{
    "timestamp": 1746703518.163517,
    "current_position": {
        "x": 240,
        "y": 186
    },
    "predicted_position": {
        "x": 240,
        "y": 185
    },
    "velocity": {
        "x": 5.49497507506385,
        "y": -3.6060773930106516
    }
}