{
    "timestamp": 1746703533.9204905,
    "current_position": {
        "x": 103,
        "y": 125
    },
    "predicted_position": {
        "x": 102,
        "y": 125
    },
    "velocity": {
        "x": -1.3901454383135026,
        "y": 0.7877490817109848
    }
}