{
    "timestamp": 1746703515.845601,
    "current_position": {
        "x": 192,
        "y": 161
    },
    "predicted_position": {
        "x": 192,
        "y": 160
    },
    "velocity": {
        "x": 0.5705179618859325,
        "y": -2.852589809429663
    }
}