{
    "timestamp": 1746703532.7005768,
    "current_position": {
        "x": 191,
        "y": 152
    },
    "predicted_position": {
        "x": 191,
        "y": 152
    },
    "velocity": {
        "x": 0.9331765950099268,
        "y": 1.3752076136988396
    }
}