{
    "timestamp": 1746703529.782037,
    "current_position": {
        "x": 112,
        "y": 122
    },
    "predicted_position": {
        "x": 112,
        "y": 121
    },
    "velocity": {
        "x": 0.05733280129142275,
        "y": -0.1146656025828455
    }
}