{
    "timestamp": 1746703519.025881,
    "current_position": {
        "x": 130,
        "y": 137
    },
    "predicted_position": {
        "x": 130,
        "y": 136
    },
    "velocity": {
        "x": 3.2905234458656336,
        "y": -0.448707742618041
    }
}