{
    "timestamp": 1746703524.926359,
    "current_position": {
        "x": 134,
        "y": 151
    },
    "predicted_position": {
        "x": 134,
        "y": 151
    },
    "velocity": {
        "x": 0.5561583145476022,
        "y": 1.4301213802652628
    }
}