{
    "timestamp": 1746703522.125953,
    "current_position": {
        "x": 177,
        "y": 132
    },
    "predicted_position": {
        "x": 176,
        "y": 132
    },
    "velocity": {
        "x": -0.3065623264108836,
        "y": 0.510937210684806
    }
}