{
    "timestamp": 1746703517.3782022,
    "current_position": {
        "x": 65,
        "y": 158
    },
    "predicted_position": {
        "x": 64,
        "y": 158
    },
    "velocity": {
        "x": -0.5954522331152879,
        "y": 0.198484077705096
    }
}