{
    "timestamp": 1746703519.4398797,
    "current_position": {
        "x": 23,
        "y": 174
    },
    "predicted_position": {
        "x": 20,
        "y": 175
    },
    "velocity": {
        "x": -14.648165928517662,
        "y": 6.760691967008151
    }
}