{
    "timestamp": 1746703538.8670268,
    "current_position": {
        "x": 148,
        "y": 142
    },
    "predicted_position": {
        "x": 148,
        "y": 141
    },
    "velocity": {
        "x": 0.414671654481368,
        "y": -0.3392768082120284
    }
}