{
    "timestamp": 1746703518.9187164,
    "current_position": {
        "x": 108,
        "y": 140
    },
    "predicted_position": {
        "x": 107,
        "y": 140
    },
    "velocity": {
        "x": -3.1921191820773873,
        "y": 1.6720624287072028
    }
}