{
    "timestamp": 1746703538.7275586,
    "current_position": {
        "x": 76,
        "y": 114
    },
    "predicted_position": {
        "x": 75,
        "y": 113
    },
    "velocity": {
        "x": -1.894833416775556,
        "y": -0.6063466933681779
    }
}