{
    "timestamp": 1746703516.5898485,
    "current_position": {
        "x": 75,
        "y": 99
    },
    "predicted_position": {
        "x": 73,
        "y": 99
    },
    "velocity": {
        "x": -12.23577254426975,
        "y": 4.47076304502164
    }
}