{
    "timestamp": 1746703519.5793624,
    "current_position": {
        "x": 193,
        "y": 184
    },
    "predicted_position": {
        "x": 193,
        "y": 183
    },
    "velocity": {
        "x": 0.966937947126575,
        "y": -3.3152158187196856
    }
}