{
    "timestamp": 1746703521.0895624,
    "current_position": {
        "x": 146,
        "y": 148
    },
    "predicted_position": {
        "x": 146,
        "y": 148
    },
    "velocity": {
        "x": 0.11429162192226919,
        "y": 0.34287486576680754
    }
}