{
    "timestamp": 1746703526.653198,
    "current_position": {
        "x": 33,
        "y": 102
    },
    "predicted_position": {
        "x": 31,
        "y": 102
    },
    "velocity": {
        "x": -7.755088271711812,
        "y": 1.187716221793701
    }
}