{
    "timestamp": 1746703529.9933252,
    "current_position": {
        "x": 176,
        "y": 80
    },
    "predicted_position": {
        "x": 176,
        "y": 79
    },
    "velocity": {
        "x": 3.625382325011195,
        "y": -2.379157150788597
    }
}