{
    "timestamp": 1746703518.3044443,
    "current_position": {
        "x": 177,
        "y": 173
    },
    "predicted_position": {
        "x": 177,
        "y": 173
    },
    "velocity": {
        "x": 1.0059637526731717,
        "y": 3.017891258019515
    }
}