{
    "timestamp": 1746703516.9624717,
    "current_position": {
        "x": 213,
        "y": 72
    },
    "predicted_position": {
        "x": 212,
        "y": 72
    },
    "velocity": {
        "x": -5.192043940604467,
        "y": 0.43267032838370556
    }
}