{
    "timestamp": 1746703538.975795,
    "current_position": {
        "x": 162,
        "y": 126
    },
    "predicted_position": {
        "x": 162,
        "y": 125
    },
    "velocity": {
        "x": 0.6382392325858837,
        "y": -0.6006957483161258
    }
}