{
    "timestamp": 1746703525.9006941,
    "current_position": {
        "x": 105,
        "y": 157
    },
    "predicted_position": {
        "x": 104,
        "y": 157
    },
    "velocity": {
        "x": -2.949704709825019,
        "y": 5.678181566413161
    }
}