{
    "timestamp": 1746703518.0250695,
    "current_position": {
        "x": 147,
        "y": 108
    },
    "predicted_position": {
        "x": 147,
        "y": 108
    },
    "velocity": {
        "x": 1.583098202177678,
        "y": 1.583098202177678
    }
}