{
    "timestamp": 1746703521.4294274,
    "current_position": {
        "x": 89,
        "y": 81
    },
    "predicted_position": {
        "x": 89,
        "y": 80
    },
    "velocity": {
        "x": 0.0,
        "y": -4.73077870598283
    }
}