{
    "timestamp": 1746703527.998026,
    "current_position": {
        "x": 153,
        "y": 143
    },
    "predicted_position": {
        "x": 153,
        "y": 142
    },
    "velocity": {
        "x": 0.06386507119913999,
        "y": -0.5747856407922599
    }
}