{
    "timestamp": 1746703516.1850426,
    "current_position": {
        "x": 103,
        "y": 128
    },
    "predicted_position": {
        "x": 103,
        "y": 128
    },
    "velocity": {
        "x": 4.94144655841405,
        "y": 1.0403045386134842
    }
}