{
    "timestamp": 1746703516.0163577,
    "current_position": {
        "x": 63,
        "y": 122
    },
    "predicted_position": {
        "x": 59,
        "y": 122
    },
    "velocity": {
        "x": -20.6727176274506,
        "y": 4.624160521929739
    }
}