{
    "timestamp": 1746703420.1612642,
    "current_position": {
        "x": 118,
        "y": 70
    },
    "predicted_position": {
        "x": 117,
        "y": 70
    },
    "velocity": {
        "x": -1.237099302357091,
        "y": 0.7731870639731819
    }
}