{
    "timestamp": 1746703421.5286193,
    "current_position": {
        "x": 53,
        "y": 135
    },
    "predicted_position": {
        "x": 53,
        "y": 135
    },
    "velocity": {
        "x": 1.021177240232368,
        "y": 0.765882930174276
    }
}