{
    "timestamp": 1746703421.6048324,
    "current_position": {
        "x": 74,
        "y": 124
    },
    "predicted_position": {
        "x": 74,
        "y": 124
    },
    "velocity": {
        "x": 0.0,
        "y": 0.37925195487319263
    }
}