{
    "timestamp": 1746703421.0369236,
    "current_position": {
        "x": 204,
        "y": 122
    },
    "predicted_position": {
        "x": 205,
        "y": 121
    },
    "velocity": {
        "x": 18.931140105760257,
        "y": -3.9496623242233624
    }
}