{
    "timestamp": 1746703421.5748744,
    "current_position": {
        "x": 74,
        "y": 121
    },
    "predicted_position": {
        "x": 74,
        "y": 120
    },
    "velocity": {
        "x": 2.6648560569511868,
        "y": -1.7765707046341246
    }
}