{
    "timestamp": 1746703421.1931627,
    "current_position": {
        "x": 207,
        "y": 105
    },
    "predicted_position": {
        "x": 207,
        "y": 104
    },
    "velocity": {
        "x": 3.333938390549712,
        "y": -1.066860284975908
    }
}