{
    "timestamp": 1746703419.575612,
    "current_position": {
        "x": 99,
        "y": 128
    },
    "predicted_position": {
        "x": 99,
        "y": 127
    },
    "velocity": {
        "x": 1.1902559006597946,
        "y": -6.80146228948454
    }
}