{
    "timestamp": 1746703421.3748188,
    "current_position": {
        "x": 163,
        "y": 86
    },
    "predicted_position": {
        "x": 162,
        "y": 85
    },
    "velocity": {
        "x": -5.33833661994794,
        "y": -2.864473308264748
    }
}