{
    "timestamp": 1746703421.4667244,
    "current_position": {
        "x": 46,
        "y": 123
    },
    "predicted_position": {
        "x": 46,
        "y": 123
    },
    "velocity": {
        "x": 0.6433184457473076,
        "y": 1.5439642697935383
    }
}