{
    "timestamp": 1746703419.960179,
    "current_position": {
        "x": 120,
        "y": 122
    },
    "predicted_position": {
        "x": 120,
        "y": 121
    },
    "velocity": {
        "x": 0.31920045244944806,
        "y": -1.2768018097977922
    }
}