{
    "timestamp": 1746703420.8222446,
    "current_position": {
        "x": 150,
        "y": 86
    },
    "predicted_position": {
        "x": 149,
        "y": 86
    },
    "velocity": {
        "x": -2.385054128622897,
        "y": 1.6835676202043977
    }
}