{
    "timestamp": 1746703420.3776314,
    "current_position": {
        "x": 94,
        "y": 195
    },
    "predicted_position": {
        "x": 94,
        "y": 195
    },
    "velocity": {
        "x": 0.7481549435383738,
        "y": 0.4488929661230242
    }
}