{
    "timestamp": 1746703420.6988518,
    "current_position": {
        "x": 153,
        "y": 83
    },
    "predicted_position": {
        "x": 153,
        "y": 82
    },
    "velocity": {
        "x": 7.423981273785215,
        "y": -1.1421509651977255
    }
}