{
    "timestamp": 1746703419.5438905,
    "current_position": {
        "x": 92,
        "y": 168
    },
    "predicted_position": {
        "x": 92,
        "y": 168
    },
    "velocity": {
        "x": 0.34191735867849143,
        "y": 0.17095867933924572
    }
}