{
    "timestamp": 1746703420.6063497,
    "current_position": {
        "x": 101,
        "y": 91
    },
    "predicted_position": {
        "x": 100,
        "y": 89
    },
    "velocity": {
        "x": -0.5787182808980342,
        "y": -12.153083898858718
    }
}