{
    "timestamp": 1746703420.425785,
    "current_position": {
        "x": 159,
        "y": 186
    },
    "predicted_position": {
        "x": 159,
        "y": 185
    },
    "velocity": {
        "x": 9.656436966784492,
        "y": -1.3370451184778527
    }
}