{
    "timestamp": 1746703420.8676524,
    "current_position": {
        "x": 126,
        "y": 88
    },
    "predicted_position": {
        "x": 125,
        "y": 88
    },
    "velocity": {
        "x": -3.3458203974821483,
        "y": 0.27881836645684566
    }
}