{
    "timestamp": 1746703420.0092726,
    "current_position": {
        "x": 107,
        "y": 72
    },
    "predicted_position": {
        "x": 106,
        "y": 71
    },
    "velocity": {
        "x": -2.0586725593952058,
        "y": -7.917971382289254
    }
}