{
    "timestamp": 1746703419.6061842,
    "current_position": {
        "x": 120,
        "y": 103
    },
    "predicted_position": {
        "x": 120,
        "y": 102
    },
    "velocity": {
        "x": 3.552301462281099,
        "y": -4.228930312239404
    }
}