{
    "timestamp": 1746703419.4515579,
    "current_position": {
        "x": 95,
        "y": 169
    },
    "predicted_position": {
        "x": 94,
        "y": 169
    },
    "velocity": {
        "x": -0.17370055292324835,
        "y": 3.12660995261847
    }
}