{
    "timestamp": 1746703419.514531,
    "current_position": {
        "x": 90,
        "y": 167
    },
    "predicted_position": {
        "x": 90,
        "y": 166
    },
    "velocity": {
        "x": 2.0618531598145236,
        "y": -0.17182109665121031
    }
}