{
    "timestamp": 1746703420.0371182,
    "current_position": {
        "x": 76,
        "y": 65
    },
    "predicted_position": {
        "x": 75,
        "y": 64
    },
    "velocity": {
        "x": -4.887589859536802,
        "y": -1.1036493231212134
    }
}