{
    "timestamp": 1746703420.9917953,
    "current_position": {
        "x": 65,
        "y": 151
    },
    "predicted_position": {
        "x": 65,
        "y": 151
    },
    "velocity": {
        "x": 2.3296378684923944,
        "y": 4.522238215308765
    }
}