{
    "timestamp": 1746703421.4365842,
    "current_position": {
        "x": 41,
        "y": 111
    },
    "predicted_position": {
        "x": 40,
        "y": 111
    },
    "velocity": {
        "x": -1.6791395687835466,
        "y": 1.5499749865694277
    }
}