{
    "timestamp": 1746703421.4972165,
    "current_position": {
        "x": 45,
        "y": 129
    },
    "predicted_position": {
        "x": 44,
        "y": 129
    },
    "velocity": {
        "x": -0.1281608855599215,
        "y": 0.7689653133595289
    }
}