{
    "timestamp": 1746703420.2683187,
    "current_position": {
        "x": 134,
        "y": 90
    },
    "predicted_position": {
        "x": 134,
        "y": 90
    },
    "velocity": {
        "x": 0.45635741184674844,
        "y": 2.1296679219514925
    }
}