{
    "timestamp": 1746703420.1911178,
    "current_position": {
        "x": 126,
        "y": 69
    },
    "predicted_position": {
        "x": 126,
        "y": 68
    },
    "velocity": {
        "x": 1.231414501027389,
        "y": -0.15392681262842361
    }
}