{
    "timestamp": 1746703420.2222042,
    "current_position": {
        "x": 131,
        "y": 76
    },
    "predicted_position": {
        "x": 131,
        "y": 76
    },
    "velocity": {
        "x": 0.7659688734565038,
        "y": 1.0723564228391054
    }
}