{
    "timestamp": 1746703419.713364,
    "current_position": {
        "x": 122,
        "y": 108
    },
    "predicted_position": {
        "x": 122,
        "y": 108
    },
    "velocity": {
        "x": 0.332289938797406,
        "y": 0.498434908196109
    }
}