{
    "timestamp": 1746703421.1589556,
    "current_position": {
        "x": 182,
        "y": 113
    },
    "predicted_position": {
        "x": 183,
        "y": 112
    },
    "velocity": {
        "x": 10.583524977053859,
        "y": -1.0717493647649476
    }
}