{
    "timestamp": 1746703420.7602215,
    "current_position": {
        "x": 163,
        "y": 76
    },
    "predicted_position": {
        "x": 162,
        "y": 75
    },
    "velocity": {
        "x": -1.1322307256346775,
        "y": -1.9814037698606854
    }
}