{
    "timestamp": 1746703420.5455694,
    "current_position": {
        "x": 105,
        "y": 175
    },
    "predicted_position": {
        "x": 104,
        "y": 174
    },
    "velocity": {
        "x": -7.882008540833721,
        "y": -1.6055943323920543
    }
}