{
    "timestamp": 1746703419.9192214,
    "current_position": {
        "x": 118,
        "y": 130
    },
    "predicted_position": {
        "x": 118,
        "y": 129
    },
    "velocity": {
        "x": 0.16065037466666698,
        "y": -1.1245526226666689
    }
}