{
    "timestamp": 1746703421.4057426,
    "current_position": {
        "x": 54,
        "y": 99
    },
    "predicted_position": {
        "x": 52,
        "y": 99
    },
    "velocity": {
        "x": -14.135249219032033,
        "y": 1.6858554114441875
    }
}