{
    "timestamp": 1746703421.6996064,
    "current_position": {
        "x": 98,
        "y": 83
    },
    "predicted_position": {
        "x": 97,
        "y": 82
    },
    "velocity": {
        "x": -5.496507926107384,
        "y": -2.748253963053692
    }
}