{
    "timestamp": 1746703421.636434,
    "current_position": {
        "x": 142,
        "y": 105
    },
    "predicted_position": {
        "x": 142,
        "y": 104
    },
    "velocity": {
        "x": 8.562171784238295,
        "y": -2.392371527948935
    }
}