{
    "timestamp": 1746703420.1143785,
    "current_position": {
        "x": 126,
        "y": 65
    },
    "predicted_position": {
        "x": 126,
        "y": 64
    },
    "velocity": {
        "x": 6.697970967387091,
        "y": -0.1557667666834207
    }
}