{
    "timestamp": 1746703421.7606964,
    "current_position": {
        "x": 94,
        "y": 85
    },
    "predicted_position": {
        "x": 94,
        "y": 85
    },
    "velocity": {
        "x": 0.37192360600827973,
        "y": 0.37192360600827973
    }
}