{
    "timestamp": 1746703420.0834162,
    "current_position": {
        "x": 83,
        "y": 66
    },
    "predicted_position": {
        "x": 83,
        "y": 66
    },
    "velocity": {
        "x": 1.0956515696912899,
        "y": 0.15652165281304142
    }
}