{
    "timestamp": 1746703419.8371096,
    "current_position": {
        "x": 117,
        "y": 135
    },
    "predicted_position": {
        "x": 116,
        "y": 135
    },
    "velocity": {
        "x": -1.3023831200527622,
        "y": 3.09315991012531
    }
}