{
    "timestamp": 1746703421.730333,
    "current_position": {
        "x": 91,
        "y": 82
    },
    "predicted_position": {
        "x": 90,
        "y": 81
    },
    "velocity": {
        "x": -0.8711008135470539,
        "y": -0.12444297336386485
    }
}