{
    "timestamp": 1746703421.09913,
    "current_position": {
        "x": 48,
        "y": 127
    },
    "predicted_position": {
        "x": 45,
        "y": 127
    },
    "velocity": {
        "x": -21.06796739908908,
        "y": 0.6752553653554192
    }
}