{
    "timestamp": 1746703419.7442145,
    "current_position": {
        "x": 125,
        "y": 118
    },
    "predicted_position": {
        "x": 125,
        "y": 118
    },
    "velocity": {
        "x": 0.4958931186988758,
        "y": 1.652977062329586
    }
}