{
    "timestamp": 1746703421.1284525,
    "current_position": {
        "x": 103,
        "y": 121
    },
    "predicted_position": {
        "x": 103,
        "y": 120
    },
    "velocity": {
        "x": 7.3985105334780705,
        "y": -0.8071102400157896
    }
}