{
    "timestamp": 1746703420.9294622,
    "current_position": {
        "x": 48,
        "y": 118
    },
    "predicted_position": {
        "x": 46,
        "y": 118
    },
    "velocity": {
        "x": -10.781017870473251,
        "y": 4.146545334797404
    }
}