{
    "timestamp": 1746703419.4822521,
    "current_position": {
        "x": 78,
        "y": 168
    },
    "predicted_position": {
        "x": 77,
        "y": 167
    },
    "velocity": {
        "x": -2.9372491399968332,
        "y": -0.17277936117628429
    }
}