{
    "timestamp": 1746703419.8836668,
    "current_position": {
        "x": 117,
        "y": 137
    },
    "predicted_position": {
        "x": 117,
        "y": 137
    },
    "velocity": {
        "x": 0.0,
        "y": 0.3231465194137542
    }
}