{
    "timestamp": 1746703421.222048,
    "current_position": {
        "x": 210,
        "y": 101
    },
    "predicted_position": {
        "x": 210,
        "y": 100
    },
    "velocity": {
        "x": 0.398537408475195,
        "y": -0.53138321130026
    }
}