{
    "timestamp": 1746703420.729842,
    "current_position": {
        "x": 171,
        "y": 90
    },
    "predicted_position": {
        "x": 171,
        "y": 90
    },
    "velocity": {
        "x": 2.558519693280489,
        "y": 0.9949798807201902
    }
}