{
    "timestamp": 1746703420.79137,
    "current_position": {
        "x": 167,
        "y": 74
    },
    "predicted_position": {
        "x": 167,
        "y": 73
    },
    "velocity": {
        "x": 0.5636306524855432,
        "y": -0.2818153262427716
    }
}