{
    "timestamp": 1746703420.3476195,
    "current_position": {
        "x": 89,
        "y": 192
    },
    "predicted_position": {
        "x": 88,
        "y": 193
    },
    "velocity": {
        "x": -6.76376860922872,
        "y": 15.331208847585097
    }
}