{
    "timestamp": 1746703421.3266745,
    "current_position": {
        "x": 204,
        "y": 108
    },
    "predicted_position": {
        "x": 203,
        "y": 108
    },
    "velocity": {
        "x": -0.7861480040335429,
        "y": 0.9171726713724667
    }
}