{
    "timestamp": 1746703073.8121605,
    "current_position": {
        "x": 170,
        "y": 104
    },
    "predicted_position": {
        "x": 170,
        "y": 104
    },
    "velocity": {
        "x": 0.0,
        "y": 0.11603340529474285
    }
}