{
    "timestamp": 1746703076.0996592,
    "current_position": {
        "x": 148,
        "y": 102
    },
    "predicted_position": {
        "x": 148,
        "y": 102
    },
    "velocity": {
        "x": 0.2048769489009251,
        "y": 0.3585346605766189
    }
}