{
    "timestamp": 1746703067.5197282,
    "current_position": {
        "x": 79,
        "y": 69
    },
    "predicted_position": {
        "x": 78,
        "y": 68
    },
    "velocity": {
        "x": -0.45687204150772703,
        "y": -0.5482464498092725
    }
}