{
    "timestamp": 1746703067.3022668,
    "current_position": {
        "x": 120,
        "y": 105
    },
    "predicted_position": {
        "x": 119,
        "y": 104
    },
    "velocity": {
        "x": -3.169713360841785,
        "y": -5.127477495479359
    }
}