{
    "timestamp": 1746703060.4344413,
    "current_position": {
        "x": 158,
        "y": 159
    },
    "predicted_position": {
        "x": 158,
        "y": 158
    },
    "velocity": {
        "x": 3.3690133785649596,
        "y": -2.8507036280165043
    }
}