{
    "timestamp": 1746703074.613695,
    "current_position": {
        "x": 108,
        "y": 74
    },
    "predicted_position": {
        "x": 107,
        "y": 74
    },
    "velocity": {
        "x": -0.33263203341052155,
        "y": 1.1087734447017383
    }
}