{
    "timestamp": 1746703062.3945935,
    "current_position": {
        "x": 226,
        "y": 143
    },
    "predicted_position": {
        "x": 228,
        "y": 142
    },
    "velocity": {
        "x": 29.387257078376564,
        "y": -3.6089613955901045
    }
}