{
    "timestamp": 1746703087.5397213,
    "current_position": {
        "x": 68,
        "y": 1
    },
    "predicted_position": {
        "x": 68,
        "y": 0
    },
    "velocity": {
        "x": 1.679370871378068,
        "y": -2.2283959639439748
    }
}