{
    "timestamp": 1746703070.4466763,
    "current_position": {
        "x": 148,
        "y": 92
    },
    "predicted_position": {
        "x": 148,
        "y": 91
    },
    "velocity": {
        "x": 0.36046606103934276,
        "y": -0.21627963662360564
    }
}