{
    "timestamp": 1746703079.9316926,
    "current_position": {
        "x": 165,
        "y": 84
    },
    "predicted_position": {
        "x": 165,
        "y": 84
    },
    "velocity": {
        "x": 0.38534081780430146,
        "y": 0.5994190499178023
    }
}