{
    "timestamp": 1746703060.0654986,
    "current_position": {
        "x": 41,
        "y": 115
    },
    "predicted_position": {
        "x": 40,
        "y": 113
    },
    "velocity": {
        "x": -0.8596595169749611,
        "y": -13.46799909927439
    }
}