{
    "timestamp": 1746703089.0483408,
    "current_position": {
        "x": 108,
        "y": 65
    },
    "predicted_position": {
        "x": 108,
        "y": 65
    },
    "velocity": {
        "x": 2.894748550511465,
        "y": 0.3695423681503998
    }
}