{
    "timestamp": 1746703075.1264246,
    "current_position": {
        "x": 153,
        "y": 128
    },
    "predicted_position": {
        "x": 152,
        "y": 127
    },
    "velocity": {
        "x": -4.797667876194989,
        "y": -3.5578211216726885
    }
}