{
    "timestamp": 1746703075.3278532,
    "current_position": {
        "x": 143,
        "y": 83
    },
    "predicted_position": {
        "x": 142,
        "y": 82
    },
    "velocity": {
        "x": -0.37329135875084646,
        "y": -1.013219402323726
    }
}