{
    "timestamp": 1746703075.3580563,
    "current_position": {
        "x": 142,
        "y": 87
    },
    "predicted_position": {
        "x": 141,
        "y": 87
    },
    "velocity": {
        "x": -0.05324158334933173,
        "y": 0.21296633339732693
    }
}