{
    "timestamp": 1746703083.398875,
    "current_position": {
        "x": 111,
        "y": 69
    },
    "predicted_position": {
        "x": 110,
        "y": 68
    },
    "velocity": {
        "x": -0.29825005362903173,
        "y": -0.07456251340725793
    }
}