{
    "timestamp": 1746703069.6428514,
    "current_position": {
        "x": 72,
        "y": 88
    },
    "predicted_position": {
        "x": 70,
        "y": 87
    },
    "velocity": {
        "x": -11.785317596704111,
        "y": -2.6019532356359725
    }
}