{
    "timestamp": 1746703083.1851556,
    "current_position": {
        "x": 141,
        "y": 84
    },
    "predicted_position": {
        "x": 141,
        "y": 83
    },
    "velocity": {
        "x": 1.0522593021547801,
        "y": -1.2777434383308044
    }
}