{
    "timestamp": 1746703076.4555182,
    "current_position": {
        "x": 192,
        "y": 144
    },
    "predicted_position": {
        "x": 191,
        "y": 143
    },
    "velocity": {
        "x": -1.1569548385809265,
        "y": -0.4024190742890179
    }
}