{
    "timestamp": 1746703077.5336394,
    "current_position": {
        "x": 82,
        "y": 139
    },
    "predicted_position": {
        "x": 82,
        "y": 138
    },
    "velocity": {
        "x": 0.14314414985175666,
        "y": -1.097438482196801
    }
}