{
    "timestamp": 1746703060.1269603,
    "current_position": {
        "x": 120,
        "y": 103
    },
    "predicted_position": {
        "x": 119,
        "y": 103
    },
    "velocity": {
        "x": -3.3791247822993102,
        "y": 0.5631874637165517
    }
}