{
    "timestamp": 1746703067.3337102,
    "current_position": {
        "x": 124,
        "y": 129
    },
    "predicted_position": {
        "x": 124,
        "y": 129
    },
    "velocity": {
        "x": 0.3718175211271389,
        "y": 2.2309051267628335
    }
}