{
    "timestamp": 1746703070.5850992,
    "current_position": {
        "x": 145,
        "y": 97
    },
    "predicted_position": {
        "x": 144,
        "y": 97
    },
    "velocity": {
        "x": -0.7138087700589509,
        "y": 0.49966613904126567
    }
}