{
    "timestamp": 1746703083.4607332,
    "current_position": {
        "x": 84,
        "y": 89
    },
    "predicted_position": {
        "x": 83,
        "y": 89
    },
    "velocity": {
        "x": -1.0414733932287887,
        "y": 0.8554960015807908
    }
}