{
    "timestamp": 1746703080.6297727,
    "current_position": {
        "x": 152,
        "y": 162
    },
    "predicted_position": {
        "x": 152,
        "y": 162
    },
    "velocity": {
        "x": 0.0,
        "y": 2.785396299064807
    }
}