{
    "timestamp": 1746703068.5918796,
    "current_position": {
        "x": 162,
        "y": 142
    },
    "predicted_position": {
        "x": 161,
        "y": 142
    },
    "velocity": {
        "x": -1.7476501767226154,
        "y": 3.9946289753659783
    }
}