{
    "timestamp": 1746703074.1499705,
    "current_position": {
        "x": 98,
        "y": 28
    },
    "predicted_position": {
        "x": 98,
        "y": 27
    },
    "velocity": {
        "x": 0.39831057901366873,
        "y": -1.536340804767008
    }
}