{
    "timestamp": 1746703074.5592833,
    "current_position": {
        "x": 114,
        "y": 54
    },
    "predicted_position": {
        "x": 114,
        "y": 54
    },
    "velocity": {
        "x": 0.16681922851181824,
        "y": 0.7228833235512123
    }
}