{
    "timestamp": 1746703060.464699,
    "current_position": {
        "x": 110,
        "y": 146
    },
    "predicted_position": {
        "x": 108,
        "y": 145
    },
    "velocity": {
        "x": -12.342649975575448,
        "y": -3.342801035051684
    }
}