{
    "timestamp": 1746703065.4210682,
    "current_position": {
        "x": 86,
        "y": 40
    },
    "predicted_position": {
        "x": 84,
        "y": 39
    },
    "velocity": {
        "x": -13.67954517489567,
        "y": -6.444083264207051
    }
}