{
    "timestamp": 1746703064.0440686,
    "current_position": {
        "x": 108,
        "y": 146
    },
    "predicted_position": {
        "x": 108,
        "y": 146
    },
    "velocity": {
        "x": 4.686459956800477,
        "y": 3.2135725418060415
    }
}