{
    "timestamp": 1746703078.7663693,
    "current_position": {
        "x": 14,
        "y": 186
    },
    "predicted_position": {
        "x": 13,
        "y": 186
    },
    "velocity": {
        "x": -4.821856190583376,
        "y": 2.8390368224930156
    }
}