{
    "timestamp": 1746703078.9552372,
    "current_position": {
        "x": 188,
        "y": 62
    },
    "predicted_position": {
        "x": 188,
        "y": 62
    },
    "velocity": {
        "x": 0.7596240247601287,
        "y": 0.44683766162360516
    }
}