{
    "timestamp": 1746703068.1276128,
    "current_position": {
        "x": 188,
        "y": 74
    },
    "predicted_position": {
        "x": 188,
        "y": 73
    },
    "velocity": {
        "x": 0.08656608639395744,
        "y": -2.423850419030808
    }
}