{
    "timestamp": 1746703087.745881,
    "current_position": {
        "x": 182,
        "y": 56
    },
    "predicted_position": {
        "x": 182,
        "y": 56
    },
    "velocity": {
        "x": 4.683970547991733,
        "y": 0.9624597016421369
    }
}