{
    "timestamp": 1746703065.0793529,
    "current_position": {
        "x": 177,
        "y": 193
    },
    "predicted_position": {
        "x": 177,
        "y": 192
    },
    "velocity": {
        "x": 1.999151421758274,
        "y": -0.3527914273691072
    }
}