{
    "timestamp": 1746703068.1715937,
    "current_position": {
        "x": 191,
        "y": 91
    },
    "predicted_position": {
        "x": 191,
        "y": 91
    },
    "velocity": {
        "x": 0.25871327335028016,
        "y": 1.4660418823182542
    }
}