{
    "timestamp": 1746703082.9603689,
    "current_position": {
        "x": 80,
        "y": 137
    },
    "predicted_position": {
        "x": 80,
        "y": 136
    },
    "velocity": {
        "x": 0.4169094847885875,
        "y": -0.03790086225350796
    }
}