{
    "timestamp": 1746703065.2486382,
    "current_position": {
        "x": 218,
        "y": 100
    },
    "predicted_position": {
        "x": 218,
        "y": 100
    },
    "velocity": {
        "x": 1.0377159851356708,
        "y": 3.2284497315331984
    }
}