{
    "timestamp": 1746703062.0404892,
    "current_position": {
        "x": 52,
        "y": 210
    },
    "predicted_position": {
        "x": 50,
        "y": 210
    },
    "velocity": {
        "x": -15.005276561257746,
        "y": 5.489735327289419
    }
}