{
    "timestamp": 1746703088.1389816,
    "current_position": {
        "x": 173,
        "y": 200
    },
    "predicted_position": {
        "x": 172,
        "y": 199
    },
    "velocity": {
        "x": -1.932628157050971,
        "y": -0.6653310048863998
    }
}