{
    "timestamp": 1746703067.4103894,
    "current_position": {
        "x": 88,
        "y": 113
    },
    "predicted_position": {
        "x": 87,
        "y": 113
    },
    "velocity": {
        "x": -2.3074130277813736,
        "y": 0.46148260555627474
    }
}