{
    "timestamp": 1746703079.7524002,
    "current_position": {
        "x": 158,
        "y": 91
    },
    "predicted_position": {
        "x": 157,
        "y": 91
    },
    "velocity": {
        "x": -0.47461550690424265,
        "y": 0.690349828224353
    }
}