{
    "timestamp": 1746703064.106031,
    "current_position": {
        "x": 204,
        "y": 87
    },
    "predicted_position": {
        "x": 204,
        "y": 86
    },
    "velocity": {
        "x": 0.39839123914346203,
        "y": -0.7967824782869241
    }
}