{
    "timestamp": 1746703088.796543,
    "current_position": {
        "x": 240,
        "y": 115
    },
    "predicted_position": {
        "x": 239,
        "y": 115
    },
    "velocity": {
        "x": -0.031035854528370523,
        "y": 3.010477889251941
    }
}