{
    "timestamp": 1746703075.388067,
    "current_position": {
        "x": 126,
        "y": 92
    },
    "predicted_position": {
        "x": 125,
        "y": 92
    },
    "velocity": {
        "x": -0.850506379869016,
        "y": 0.2657832437090675
    }
}