{
    "timestamp": 1746703080.3212926,
    "current_position": {
        "x": 73,
        "y": 103
    },
    "predicted_position": {
        "x": 73,
        "y": 103
    },
    "velocity": {
        "x": 0.8843763134934092,
        "y": 0.7580368401372078
    }
}