{
    "timestamp": 1746703067.7936559,
    "current_position": {
        "x": 95,
        "y": 98
    },
    "predicted_position": {
        "x": 95,
        "y": 98
    },
    "velocity": {
        "x": 1.426290509243639,
        "y": 2.5851515480040956
    }
}