{
    "timestamp": 1746703079.2147677,
    "current_position": {
        "x": 60,
        "y": 158
    },
    "predicted_position": {
        "x": 60,
        "y": 157
    },
    "velocity": {
        "x": 0.927601874000368,
        "y": -0.927601874000368
    }
}