{
    "timestamp": 1746703088.4908864,
    "current_position": {
        "x": 241,
        "y": 18
    },
    "predicted_position": {
        "x": 241,
        "y": 17
    },
    "velocity": {
        "x": 0.12533235955295569,
        "y": -2.5379802809473526
    }
}