{
    "timestamp": 1746703073.980807,
    "current_position": {
        "x": 26,
        "y": 94
    },
    "predicted_position": {
        "x": 26,
        "y": 93
    },
    "velocity": {
        "x": 0.8043636868528288,
        "y": -0.6894545887309961
    }
}