{
    "timestamp": 1746703060.1565504,
    "current_position": {
        "x": 116,
        "y": 113
    },
    "predicted_position": {
        "x": 115,
        "y": 113
    },
    "velocity": {
        "x": -1.1170670831528118,
        "y": 2.7926677078820297
    }
}