{
    "timestamp": 1746703065.9769666,
    "current_position": {
        "x": 178,
        "y": 108
    },
    "predicted_position": {
        "x": 177,
        "y": 108
    },
    "velocity": {
        "x": -0.10636915353789254,
        "y": 0.10636915353789254
    }
}