{
    "timestamp": 1746703087.8606164,
    "current_position": {
        "x": 226,
        "y": 93
    },
    "predicted_position": {
        "x": 226,
        "y": 93
    },
    "velocity": {
        "x": 5.62572230990226,
        "y": 0.8950012765753597
    }
}