{
    "timestamp": 1746703077.8872266,
    "current_position": {
        "x": 77,
        "y": 126
    },
    "predicted_position": {
        "x": 76,
        "y": 126
    },
    "velocity": {
        "x": -4.55153711509166,
        "y": 1.9238455847294647
    }
}