{
    "timestamp": 1746703069.674075,
    "current_position": {
        "x": 106,
        "y": 106
    },
    "predicted_position": {
        "x": 106,
        "y": 106
    },
    "velocity": {
        "x": 2.5957507518696676,
        "y": 1.3742209862839416
    }
}