{
    "timestamp": 1746703070.3377814,
    "current_position": {
        "x": 133,
        "y": 102
    },
    "predicted_position": {
        "x": 133,
        "y": 101
    },
    "velocity": {
        "x": 0.5086456476467922,
        "y": -0.43598198369725044
    }
}