{
    "timestamp": 1746703087.782475,
    "current_position": {
        "x": 109,
        "y": 5
    },
    "predicted_position": {
        "x": 108,
        "y": 4
    },
    "velocity": {
        "x": -2.3392389943494223,
        "y": -1.6342628590660349
    }
}