{
    "timestamp": 1746703063.7823486,
    "current_position": {
        "x": 180,
        "y": 194
    },
    "predicted_position": {
        "x": 180,
        "y": 194
    },
    "velocity": {
        "x": 0.5550464726749578,
        "y": 0.8325697090124365
    }
}