{
    "timestamp": 1746703083.2761915,
    "current_position": {
        "x": 125,
        "y": 81
    },
    "predicted_position": {
        "x": 124,
        "y": 81
    },
    "velocity": {
        "x": -0.29962045647196944,
        "y": 0.11235767117698854
    }
}