{
    "timestamp": 1746703060.5433962,
    "current_position": {
        "x": 62,
        "y": 70
    },
    "predicted_position": {
        "x": 59,
        "y": 67
    },
    "velocity": {
        "x": -24.195674245454267,
        "y": -23.94363597206412
    }
}