{
    "timestamp": 1746703075.7696378,
    "current_position": {
        "x": 140,
        "y": 98
    },
    "predicted_position": {
        "x": 140,
        "y": 97
    },
    "velocity": {
        "x": 0.052099905022074275,
        "y": -0.4167992401765942
    }
}