{
    "timestamp": 1746703075.8679216,
    "current_position": {
        "x": 109,
        "y": 96
    },
    "predicted_position": {
        "x": 108,
        "y": 96
    },
    "velocity": {
        "x": -0.15550344800380894,
        "y": 0.15550344800380894
    }
}