{
    "timestamp": 1746703076.7192278,
    "current_position": {
        "x": 74,
        "y": 93
    },
    "predicted_position": {
        "x": 74,
        "y": 93
    },
    "velocity": {
        "x": 0.19857539111729042,
        "y": 0.39715078223458083
    }
}