{
    "timestamp": 1746703080.4767754,
    "current_position": {
        "x": 168,
        "y": 72
    },
    "predicted_position": {
        "x": 168,
        "y": 71
    },
    "velocity": {
        "x": 1.6735680050396522,
        "y": -1.7572464052916348
    }
}