{
    "timestamp": 1746703088.278081,
    "current_position": {
        "x": 221,
        "y": 241
    },
    "predicted_position": {
        "x": 221,
        "y": 241
    },
    "velocity": {
        "x": 0.18926050074665768,
        "y": 0.5362380854488634
    }
}