{
    "timestamp": 1746703066.0706332,
    "current_position": {
        "x": 155,
        "y": 41
    },
    "predicted_position": {
        "x": 154,
        "y": 40
    },
    "velocity": {
        "x": -2.4223560361715495,
        "y": -7.056428453195384
    }
}