{
    "timestamp": 1746703083.3533223,
    "current_position": {
        "x": 119,
        "y": 71
    },
    "predicted_position": {
        "x": 118,
        "y": 70
    },
    "velocity": {
        "x": -0.14937871115887433,
        "y": -0.3361021001074672
    }
}