{
    "timestamp": 1746703067.8954105,
    "current_position": {
        "x": 86,
        "y": 68
    },
    "predicted_position": {
        "x": 85,
        "y": 67
    },
    "velocity": {
        "x": -0.7950764856543706,
        "y": -2.6502549521812355
    }
}