{
    "timestamp": 1746703088.8424258,
    "current_position": {
        "x": 192,
        "y": 70
    },
    "predicted_position": {
        "x": 191,
        "y": 69
    },
    "velocity": {
        "x": -1.2396688725030538,
        "y": -0.8987599325647141
    }
}