{
    "timestamp": 1746703075.620624,
    "current_position": {
        "x": 139,
        "y": 109
    },
    "predicted_position": {
        "x": 138,
        "y": 109
    },
    "velocity": {
        "x": -0.052507552796717746,
        "y": 0.10501510559343549
    }
}