{
    "timestamp": 1746703061.4665766,
    "current_position": {
        "x": 166,
        "y": 50
    },
    "predicted_position": {
        "x": 165,
        "y": 49
    },
    "velocity": {
        "x": -5.5205334403190855,
        "y": -1.840177813439695
    }
}