{
    "timestamp": 1746703068.6995742,
    "current_position": {
        "x": 236,
        "y": 88
    },
    "predicted_position": {
        "x": 236,
        "y": 87
    },
    "velocity": {
        "x": 6.103682077132524,
        "y": -4.454038272502112
    }
}