{
    "timestamp": 1746703088.964765,
    "current_position": {
        "x": 14,
        "y": 53
    },
    "predicted_position": {
        "x": 13,
        "y": 53
    },
    "velocity": {
        "x": -0.7409918499675048,
        "y": 1.2658610770278207
    }
}