{
    "timestamp": 1746703088.8124974,
    "current_position": {
        "x": 232,
        "y": 99
    },
    "predicted_position": {
        "x": 231,
        "y": 98
    },
    "velocity": {
        "x": -0.2481639550230995,
        "y": -0.496327910046199
    }
}