{
    "timestamp": 1746703073.5958455,
    "current_position": {
        "x": 122,
        "y": 96
    },
    "predicted_position": {
        "x": 122,
        "y": 96
    },
    "velocity": {
        "x": 0.17626217797642824,
        "y": 0.0
    }
}