{
    "timestamp": 1746703065.7457016,
    "current_position": {
        "x": 184,
        "y": 110
    },
    "predicted_position": {
        "x": 184,
        "y": 110
    },
    "velocity": {
        "x": 4.36207076848053,
        "y": 1.5267247689681855
    }
}