{
    "timestamp": 1746703062.2732103,
    "current_position": {
        "x": 114,
        "y": 150
    },
    "predicted_position": {
        "x": 114,
        "y": 151
    },
    "velocity": {
        "x": 4.212399414786067,
        "y": 12.110648317509943
    }
}