{
    "timestamp": 1746703068.371917,
    "current_position": {
        "x": 183,
        "y": 94
    },
    "predicted_position": {
        "x": 183,
        "y": 93
    },
    "velocity": {
        "x": 3.051837457655853,
        "y": -8.307779745840934
    }
}