{
    "timestamp": 1746703078.8459127,
    "current_position": {
        "x": 167,
        "y": 84
    },
    "predicted_position": {
        "x": 167,
        "y": 83
    },
    "velocity": {
        "x": 5.657793015991996,
        "y": -6.33133980361009
    }
}