{
    "timestamp": 1746703087.5730023,
    "current_position": {
        "x": 101,
        "y": 2
    },
    "predicted_position": {
        "x": 101,
        "y": 2
    },
    "velocity": {
        "x": 1.0646103136957725,
        "y": 0.03226091859684159
    }
}