{
    "timestamp": 1746703068.330755,
    "current_position": {
        "x": 147,
        "y": 192
    },
    "predicted_position": {
        "x": 146,
        "y": 191
    },
    "velocity": {
        "x": -0.17014021921022934,
        "y": -0.08507010960511467
    }
}