{
    "timestamp": 1746703080.7986863,
    "current_position": {
        "x": 101,
        "y": 166
    },
    "predicted_position": {
        "x": 101,
        "y": 166
    },
    "velocity": {
        "x": 0.041283177940435664,
        "y": 1.1146458043917629
    }
}