{
    "timestamp": 1746703068.0477421,
    "current_position": {
        "x": 162,
        "y": 190
    },
    "predicted_position": {
        "x": 162,
        "y": 191
    },
    "velocity": {
        "x": 1.133194133870734,
        "y": 13.51116082692029
    }
}