{
    "timestamp": 1746703070.540168,
    "current_position": {
        "x": 155,
        "y": 90
    },
    "predicted_position": {
        "x": 155,
        "y": 89
    },
    "velocity": {
        "x": 0.5012738378061129,
        "y": -0.14322109651603226
    }
}