{
    "timestamp": 1746703067.1803868,
    "current_position": {
        "x": 107,
        "y": 156
    },
    "predicted_position": {
        "x": 107,
        "y": 156
    },
    "velocity": {
        "x": 1.8859665570511197,
        "y": 4.432021409070131
    }
}