{
    "timestamp": 1746703075.297223,
    "current_position": {
        "x": 150,
        "y": 102
    },
    "predicted_position": {
        "x": 150,
        "y": 101
    },
    "velocity": {
        "x": 0.1602437566167234,
        "y": -0.1602437566167234
    }
}