{
    "timestamp": 1746703075.4201028,
    "current_position": {
        "x": 114,
        "y": 95
    },
    "predicted_position": {
        "x": 113,
        "y": 95
    },
    "velocity": {
        "x": -0.6367953750811973,
        "y": 0.15919884377029933
    }
}