{
    "timestamp": 1746703073.9046192,
    "current_position": {
        "x": 78,
        "y": 109
    },
    "predicted_position": {
        "x": 77,
        "y": 109
    },
    "velocity": {
        "x": -2.135164653719509,
        "y": 0.5770715280322997
    }
}