{
    "timestamp": 1746703078.4421299,
    "current_position": {
        "x": 121,
        "y": 123
    },
    "predicted_position": {
        "x": 121,
        "y": 123
    },
    "velocity": {
        "x": 0.594519853650685,
        "y": 1.7835595609520551
    }
}