{
    "timestamp": 1746703083.6142828,
    "current_position": {
        "x": 125,
        "y": 84
    },
    "predicted_position": {
        "x": 125,
        "y": 83
    },
    "velocity": {
        "x": 0.9246062053835992,
        "y": -0.2588897375074078
    }
}