{
    "timestamp": 1746703080.70684,
    "current_position": {
        "x": 100,
        "y": 139
    },
    "predicted_position": {
        "x": 100,
        "y": 138
    },
    "velocity": {
        "x": 0.2900821512825374,
        "y": -0.49728368791292127
    }
}