{
    "timestamp": 1746703079.7219067,
    "current_position": {
        "x": 169,
        "y": 75
    },
    "predicted_position": {
        "x": 169,
        "y": 75
    },
    "velocity": {
        "x": 0.43203707330456875,
        "y": 1.4257223419050769
    }
}