{
    "timestamp": 1746703080.3981447,
    "current_position": {
        "x": 128,
        "y": 114
    },
    "predicted_position": {
        "x": 128,
        "y": 113
    },
    "velocity": {
        "x": 0.5457048861287163,
        "y": -3.5260931103701663
    }
}