{
    "timestamp": 1746703083.644218,
    "current_position": {
        "x": 124,
        "y": 74
    },
    "predicted_position": {
        "x": 123,
        "y": 73
    },
    "velocity": {
        "x": -0.03694334720252599,
        "y": -0.3694334720252599
    }
}