{
    "timestamp": 1746703079.1712918,
    "current_position": {
        "x": 39,
        "y": 179
    },
    "predicted_position": {
        "x": 39,
        "y": 179
    },
    "velocity": {
        "x": 0.13276952335787626,
        "y": 1.1506692024349277
    }
}