{
    "timestamp": 1746703067.4474504,
    "current_position": {
        "x": 84,
        "y": 97
    },
    "predicted_position": {
        "x": 83,
        "y": 96
    },
    "velocity": {
        "x": -0.36792755177180814,
        "y": -1.4717102070872325
    }
}