{
    "timestamp": 1746703063.8430922,
    "current_position": {
        "x": 129,
        "y": 97
    },
    "predicted_position": {
        "x": 128,
        "y": 95
    },
    "velocity": {
        "x": -4.816062640560834,
        "y": -10.320134229773215
    }
}