{
    "timestamp": 1746703074.7072558,
    "current_position": {
        "x": 242,
        "y": 194
    },
    "predicted_position": {
        "x": 242,
        "y": 194
    },
    "velocity": {
        "x": 7.390448606280769,
        "y": 6.618312184729047
    }
}