{
    "timestamp": 1746703080.6599844,
    "current_position": {
        "x": 93,
        "y": 151
    },
    "predicted_position": {
        "x": 92,
        "y": 150
    },
    "velocity": {
        "x": -2.449734816909637,
        "y": -0.4567302201017967
    }
}