{
    "timestamp": 1746703065.7771862,
    "current_position": {
        "x": 180,
        "y": 109
    },
    "predicted_position": {
        "x": 179,
        "y": 108
    },
    "velocity": {
        "x": -0.4347145055654504,
        "y": -0.1086786263913626
    }
}