{
    "timestamp": 1746703076.1468427,
    "current_position": {
        "x": 176,
        "y": 99
    },
    "predicted_position": {
        "x": 176,
        "y": 98
    },
    "velocity": {
        "x": 1.4306811101481507,
        "y": -0.15328726180158755
    }
}