{
    "timestamp": 1746703083.1064734,
    "current_position": {
        "x": 113,
        "y": 118
    },
    "predicted_position": {
        "x": 113,
        "y": 117
    },
    "velocity": {
        "x": 1.2438406997483895,
        "y": -0.7161507059157394
    }
}