{
    "timestamp": 1746703060.1882272,
    "current_position": {
        "x": 119,
        "y": 114
    },
    "predicted_position": {
        "x": 119,
        "y": 114
    },
    "velocity": {
        "x": 0.8304538937789044,
        "y": 0.27681796459296815
    }
}