{
    "timestamp": 1746703061.1262724,
    "current_position": {
        "x": 185,
        "y": 198
    },
    "predicted_position": {
        "x": 185,
        "y": 198
    },
    "velocity": {
        "x": 2.6370568705420894,
        "y": 8.790189568473632
    }
}