{
    "timestamp": 1746703079.444633,
    "current_position": {
        "x": 61,
        "y": 104
    },
    "predicted_position": {
        "x": 61,
        "y": 104
    },
    "velocity": {
        "x": 0.04372753034122965,
        "y": 0.21863765170614824
    }
}