{
    "timestamp": 1746703086.2596643,
    "current_position": {
        "x": 189,
        "y": 229
    },
    "predicted_position": {
        "x": 189,
        "y": 229
    },
    "velocity": {
        "x": 2.1897377855968605,
        "y": 5.120617590934197
    }
}