{
    "timestamp": 1746703063.7347636,
    "current_position": {
        "x": 176,
        "y": 188
    },
    "predicted_position": {
        "x": 177,
        "y": 188
    },
    "velocity": {
        "x": 17.181125543887838,
        "y": 6.285777638007745
    }
}