{
    "timestamp": 1746703068.2482386,
    "current_position": {
        "x": 161,
        "y": 161
    },
    "predicted_position": {
        "x": 160,
        "y": 161
    },
    "velocity": {
        "x": -1.370743940105217,
        "y": 2.227458902670978
    }
}