{
    "timestamp": 1746703059.9262931,
    "current_position": {
        "x": 159,
        "y": 148
    },
    "predicted_position": {
        "x": 162,
        "y": 148
    },
    "velocity": {
        "x": 38.799620129709794,
        "y": 4.775337862118128
    }
}