{
    "timestamp": 1746703060.3259764,
    "current_position": {
        "x": 145,
        "y": 170
    },
    "predicted_position": {
        "x": 144,
        "y": 170
    },
    "velocity": {
        "x": -5.5996543080436,
        "y": 5.333004102898666
    }
}