{
    "timestamp": 1746703079.615015,
    "current_position": {
        "x": 166,
        "y": 43
    },
    "predicted_position": {
        "x": 166,
        "y": 42
    },
    "velocity": {
        "x": 0.8246789011076188,
        "y": -0.08680830537974935
    }
}