{
    "timestamp": 1746703073.6890523,
    "current_position": {
        "x": 144,
        "y": 100
    },
    "predicted_position": {
        "x": 144,
        "y": 100
    },
    "velocity": {
        "x": 0.7596427527640831,
        "y": 0.1753021737147884
    }
}