{
    "timestamp": 1746703060.0040622,
    "current_position": {
        "x": 46,
        "y": 163
    },
    "predicted_position": {
        "x": 46,
        "y": 162
    },
    "velocity": {
        "x": 2.9168828612866804,
        "y": -4.0836360058013526
    }
}