{
    "timestamp": 1746703074.5356011,
    "current_position": {
        "x": 111,
        "y": 41
    },
    "predicted_position": {
        "x": 111,
        "y": 41
    },
    "velocity": {
        "x": 0.0,
        "y": 0.7795162604962595
    }
}