{
    "timestamp": 1746703071.4834485,
    "current_position": {
        "x": 117,
        "y": 103
    },
    "predicted_position": {
        "x": 117,
        "y": 103
    },
    "velocity": {
        "x": 0.06707941238151742,
        "y": 0.0
    }
}