{
    "timestamp": 1746703064.1365643,
    "current_position": {
        "x": 189,
        "y": 92
    },
    "predicted_position": {
        "x": 188,
        "y": 92
    },
    "velocity": {
        "x": -1.9839119586596714,
        "y": 0.6613039862198905
    }
}