{
    "timestamp": 1746703077.7495077,
    "current_position": {
        "x": 174,
        "y": 85
    },
    "predicted_position": {
        "x": 173,
        "y": 84
    },
    "velocity": {
        "x": -0.7556521791808096,
        "y": -0.2833695671928036
    }
}