{
    "timestamp": 1746703080.0620396,
    "current_position": {
        "x": 158,
        "y": 58
    },
    "predicted_position": {
        "x": 158,
        "y": 57
    },
    "velocity": {
        "x": 1.4476527850444825,
        "y": -2.852727546999421
    }
}