{
    "timestamp": 1746703061.3997087,
    "current_position": {
        "x": 199,
        "y": 59
    },
    "predicted_position": {
        "x": 198,
        "y": 58
    },
    "velocity": {
        "x": -0.6218952036732156,
        "y": -9.328428055098234
    }
}