{
    "timestamp": 1746703062.0716937,
    "current_position": {
        "x": 34,
        "y": 156
    },
    "predicted_position": {
        "x": 33,
        "y": 155
    },
    "velocity": {
        "x": -3.275139686131336,
        "y": -9.825419058394008
    }
}