{
    "timestamp": 1746703074.0738485,
    "current_position": {
        "x": 82,
        "y": 70
    },
    "predicted_position": {
        "x": 82,
        "y": 69
    },
    "velocity": {
        "x": 2.1145148529480573,
        "y": -0.2857452503983861
    }
}