{
    "timestamp": 1746703073.626806,
    "current_position": {
        "x": 127,
        "y": 96
    },
    "predicted_position": {
        "x": 127,
        "y": 96
    },
    "velocity": {
        "x": 0.29323688156496436,
        "y": 0.0
    }
}