{
    "timestamp": 1746703061.9038327,
    "current_position": {
        "x": 88,
        "y": 68
    },
    "predicted_position": {
        "x": 87,
        "y": 65
    },
    "velocity": {
        "x": -3.3783227028202556,
        "y": -20.269936216921533
    }
}