{
    "timestamp": 1746703061.0492456,
    "current_position": {
        "x": 197,
        "y": 190
    },
    "predicted_position": {
        "x": 197,
        "y": 190
    },
    "velocity": {
        "x": 0.6706157396634758,
        "y": 4.470771597756505
    }
}