{
    "timestamp": 1746703065.1721056,
    "current_position": {
        "x": 190,
        "y": 45
    },
    "predicted_position": {
        "x": 189,
        "y": 45
    },
    "velocity": {
        "x": -0.3489848914528196,
        "y": 0.23265659430187974
    }
}