{
    "timestamp": 1746703073.6580715,
    "current_position": {
        "x": 131,
        "y": 97
    },
    "predicted_position": {
        "x": 131,
        "y": 97
    },
    "velocity": {
        "x": 0.23416013999796312,
        "y": 0.05854003499949078
    }
}