{
    "timestamp": 1746703063.8886921,
    "current_position": {
        "x": 113,
        "y": 75
    },
    "predicted_position": {
        "x": 112,
        "y": 74
    },
    "velocity": {
        "x": -2.187900363854218,
        "y": -3.0083630002995494
    }
}