{
    "timestamp": 1746703073.534114,
    "current_position": {
        "x": 119,
        "y": 96
    },
    "predicted_position": {
        "x": 119,
        "y": 95
    },
    "velocity": {
        "x": 0.11793586977831899,
        "y": -0.41277554422411644
    }
}