{
    "timestamp": 1746703074.013014,
    "current_position": {
        "x": 21,
        "y": 84
    },
    "predicted_position": {
        "x": 20,
        "y": 83
    },
    "velocity": {
        "x": -0.2867421463504595,
        "y": -0.573484292700919
    }
}