{
    "timestamp": 1746703083.7679937,
    "current_position": {
        "x": 124,
        "y": 77
    },
    "predicted_position": {
        "x": 124,
        "y": 77
    },
    "velocity": {
        "x": 0.03677518569991214,
        "y": 0.11032555709973642
    }
}