{
    "timestamp": 1746703064.0748045,
    "current_position": {
        "x": 201,
        "y": 93
    },
    "predicted_position": {
        "x": 202,
        "y": 92
    },
    "velocity": {
        "x": 12.401554862097935,
        "y": -7.067552770873016
    }
}