{
    "timestamp": 1746703087.8300865,
    "current_position": {
        "x": 50,
        "y": 65
    },
    "predicted_position": {
        "x": 49,
        "y": 65
    },
    "velocity": {
        "x": -1.8877377341908295,
        "y": 1.919733289007623
    }
}