{
    "timestamp": 1746703079.0770617,
    "current_position": {
        "x": 47,
        "y": 56
    },
    "predicted_position": {
        "x": 46,
        "y": 55
    },
    "velocity": {
        "x": -5.955207034127453,
        "y": -0.2666510612295874
    }
}