{
    "timestamp": 1746703064.3175895,
    "current_position": {
        "x": 146,
        "y": 159
    },
    "predicted_position": {
        "x": 145,
        "y": 159
    },
    "velocity": {
        "x": -5.554231829919329,
        "y": 8.654268200106863
    }
}