{
    "timestamp": 1746703061.234428,
    "current_position": {
        "x": 188,
        "y": 178
    },
    "predicted_position": {
        "x": 188,
        "y": 178
    },
    "velocity": {
        "x": 4.937017542485944,
        "y": 3.649099922707002
    }
}