{
    "timestamp": 1746703080.352488,
    "current_position": {
        "x": 115,
        "y": 198
    },
    "predicted_position": {
        "x": 115,
        "y": 198
    },
    "velocity": {
        "x": 1.7664320000997926,
        "y": 3.995500952606674
    }
}