{
    "timestamp": 1746703067.134994,
    "current_position": {
        "x": 87,
        "y": 109
    },
    "predicted_position": {
        "x": 85,
        "y": 109
    },
    "velocity": {
        "x": -12.784999948406705,
        "y": 2.3675925830382787
    }
}