{
    "timestamp": 1746703068.001343,
    "current_position": {
        "x": 149,
        "y": 35
    },
    "predicted_position": {
        "x": 149,
        "y": 34
    },
    "velocity": {
        "x": 3.5009108051945277,
        "y": -6.739253299999466
    }
}