{
    "timestamp": 1746703080.2643175,
    "current_position": {
        "x": 52,
        "y": 85
    },
    "predicted_position": {
        "x": 51,
        "y": 85
    },
    "velocity": {
        "x": -0.8865033919325825,
        "y": 0.08442889446976977
    }
}