{
    "timestamp": 1746703078.7982545,
    "current_position": {
        "x": 41,
        "y": 225
    },
    "predicted_position": {
        "x": 41,
        "y": 225
    },
    "velocity": {
        "x": 1.2149842865889964,
        "y": 1.7549773028507727
    }
}