{
    "timestamp": 1746703083.5228043,
    "current_position": {
        "x": 100,
        "y": 91
    },
    "predicted_position": {
        "x": 100,
        "y": 90
    },
    "velocity": {
        "x": 0.445317606831297,
        "y": -0.18554900284637377
    }
}