{
    "timestamp": 1746703078.4114788,
    "current_position": {
        "x": 108,
        "y": 84
    },
    "predicted_position": {
        "x": 108,
        "y": 83
    },
    "velocity": {
        "x": 0.5037614057372665,
        "y": -0.13738947429198176
    }
}