{
    "timestamp": 1746703087.691244,
    "current_position": {
        "x": 36,
        "y": 26
    },
    "predicted_position": {
        "x": 35,
        "y": 26
    },
    "velocity": {
        "x": -2.088991083157887,
        "y": 0.7713197845506043
    }
}