{
    "timestamp": 1746703075.4965487,
    "current_position": {
        "x": 132,
        "y": 105
    },
    "predicted_position": {
        "x": 132,
        "y": 105
    },
    "velocity": {
        "x": 0.9513337913245358,
        "y": 0.5285187729580754
    }
}