{
    "timestamp": 1746703071.4534898,
    "current_position": {
        "x": 116,
        "y": 103
    },
    "predicted_position": {
        "x": 115,
        "y": 103
    },
    "velocity": {
        "x": -1.9492201384944357,
        "y": 0.40328692520574533
    }
}