{
    "timestamp": 1746703078.3798757,
    "current_position": {
        "x": 97,
        "y": 87
    },
    "predicted_position": {
        "x": 96,
        "y": 86
    },
    "velocity": {
        "x": -3.6231666720118443,
        "y": -1.3300232087132087
    }
}