{
    "timestamp": 1746703068.730863,
    "current_position": {
        "x": 237,
        "y": 85
    },
    "predicted_position": {
        "x": 237,
        "y": 84
    },
    "velocity": {
        "x": 0.0822698702986123,
        "y": -0.2468096108958369
    }
}