{
    "timestamp": 1746703074.0425885,
    "current_position": {
        "x": 45,
        "y": 75
    },
    "predicted_position": {
        "x": 45,
        "y": 74
    },
    "velocity": {
        "x": 1.374031882501817,
        "y": -0.5152619559381814
    }
}