{
    "timestamp": 1746703065.3576996,
    "current_position": {
        "x": 207,
        "y": 97
    },
    "predicted_position": {
        "x": 206,
        "y": 96
    },
    "velocity": {
        "x": -1.2525685105370044,
        "y": -0.34160959378281935
    }
}