{
    "timestamp": 1746703068.7629137,
    "current_position": {
        "x": 226,
        "y": 122
    },
    "predicted_position": {
        "x": 225,
        "y": 122
    },
    "velocity": {
        "x": -0.902588628047148,
        "y": 3.0359799307040434
    }
}