{
    "timestamp": 1746703059.5586925,
    "current_position": {
        "x": 51,
        "y": 133
    },
    "predicted_position": {
        "x": 51,
        "y": 133
    },
    "velocity": {
        "x": 1.0057166314627417,
        "y": 3.352388771542472
    }
}