{
    "timestamp": 1746703080.0143661,
    "current_position": {
        "x": 124,
        "y": 125
    },
    "predicted_position": {
        "x": 123,
        "y": 125
    },
    "velocity": {
        "x": -1.749249646798819,
        "y": 1.749249646798819
    }
}