{
    "timestamp": 1746703065.8923342,
    "current_position": {
        "x": 190,
        "y": 107
    },
    "predicted_position": {
        "x": 190,
        "y": 106
    },
    "velocity": {
        "x": 1.0733541662572146,
        "y": -0.2146708332514429
    }
}