{
    "timestamp": 1746703080.9871972,
    "current_position": {
        "x": 134,
        "y": 104
    },
    "predicted_position": {
        "x": 134,
        "y": 103
    },
    "velocity": {
        "x": 1.3518245290521882,
        "y": -2.5397915394313837
    }
}