{
    "timestamp": 1746703061.5733912,
    "current_position": {
        "x": 46,
        "y": 215
    },
    "predicted_position": {
        "x": 45,
        "y": 215
    },
    "velocity": {
        "x": -2.6012244838764587,
        "y": 1.2005651464045193
    }
}