{
    "timestamp": 1746703061.4975781,
    "current_position": {
        "x": 161,
        "y": 55
    },
    "predicted_position": {
        "x": 160,
        "y": 55
    },
    "velocity": {
        "x": -1.015881627608276,
        "y": 1.015881627608276
    }
}