{
    "timestamp": 1746703061.0818522,
    "current_position": {
        "x": 173,
        "y": 158
    },
    "predicted_position": {
        "x": 172,
        "y": 157
    },
    "velocity": {
        "x": -5.326104826332128,
        "y": -7.101473101776171
    }
}