{
    "timestamp": 1746703062.3034468,
    "current_position": {
        "x": 55,
        "y": 164
    },
    "predicted_position": {
        "x": 53,
        "y": 164
    },
    "velocity": {
        "x": -10.300815406504645,
        "y": 2.4442612828994075
    }
}