{
    "timestamp": 1746703079.2462747,
    "current_position": {
        "x": 69,
        "y": 134
    },
    "predicted_position": {
        "x": 69,
        "y": 133
    },
    "velocity": {
        "x": 0.39699116264926554,
        "y": -1.0586431003980414
    }
}