{
    "timestamp": 1746703065.5040326,
    "current_position": {
        "x": 76,
        "y": 69
    },
    "predicted_position": {
        "x": 76,
        "y": 69
    },
    "velocity": {
        "x": 0.5600177932289117,
        "y": 2.6880854074987757
    }
}