{
    "timestamp": 1746703059.4503777,
    "current_position": {
        "x": 157,
        "y": 55
    },
    "predicted_position": {
        "x": 153,
        "y": 49
    },
    "velocity": {
        "x": -31.65621671044176,
        "y": -59.13798726126483
    }
}