{
    "timestamp": 1746703076.037916,
    "current_position": {
        "x": 144,
        "y": 95
    },
    "predicted_position": {
        "x": 144,
        "y": 94
    },
    "velocity": {
        "x": 1.798360514878661,
        "y": -0.05138172899653317
    }
}