{
    "timestamp": 1746703082.9070234,
    "current_position": {
        "x": 49,
        "y": 153
    },
    "predicted_position": {
        "x": 48,
        "y": 153
    },
    "velocity": {
        "x": -3.2280999875526737,
        "y": 1.8609046987068354
    }
}