{
    "timestamp": 1746703065.2038465,
    "current_position": {
        "x": 209,
        "y": 72
    },
    "predicted_position": {
        "x": 209,
        "y": 72
    },
    "velocity": {
        "x": 2.2021066636462177,
        "y": 3.129309469391994
    }
}