{
    "timestamp": 1746703064.5879803,
    "current_position": {
        "x": 57,
        "y": 57
    },
    "predicted_position": {
        "x": 55,
        "y": 55
    },
    "velocity": {
        "x": -11.108011125833789,
        "y": -12.730529604888163
    }
}