{
    "timestamp": 1746703088.0606802,
    "current_position": {
        "x": 234,
        "y": 221
    },
    "predicted_position": {
        "x": 234,
        "y": 221
    },
    "velocity": {
        "x": 2.2232854973129488,
        "y": 1.619822290899434
    }
}