{
    "timestamp": 1746703086.3214645,
    "current_position": {
        "x": 16,
        "y": 70
    },
    "predicted_position": {
        "x": 15,
        "y": 69
    },
    "velocity": {
        "x": -5.8159628313586405,
        "y": -5.345306879687999
    }
}