{
    "timestamp": 1746703079.4766736,
    "current_position": {
        "x": 65,
        "y": 70
    },
    "predicted_position": {
        "x": 65,
        "y": 69
    },
    "velocity": {
        "x": 0.1746654053273689,
        "y": -1.4846559452826358
    }
}