{
    "timestamp": 1746703060.572551,
    "current_position": {
        "x": 49,
        "y": 63
    },
    "predicted_position": {
        "x": 48,
        "y": 62
    },
    "velocity": {
        "x": -3.2525970810948817,
        "y": -1.7513984282818593
    }
}