{
    "timestamp": 1746703080.137096,
    "current_position": {
        "x": 176,
        "y": 61
    },
    "predicted_position": {
        "x": 176,
        "y": 61
    },
    "velocity": {
        "x": 0.21221193925098905,
        "y": 0.04244238785019781
    }
}