{
    "timestamp": 1746703061.8403356,
    "current_position": {
        "x": 106,
        "y": 176
    },
    "predicted_position": {
        "x": 105,
        "y": 175
    },
    "velocity": {
        "x": -3.419069190419728,
        "y": -1.8994828835665156
    }
}