{
    "timestamp": 1746703077.4728951,
    "current_position": {
        "x": 79,
        "y": 156
    },
    "predicted_position": {
        "x": 78,
        "y": 155
    },
    "velocity": {
        "x": -4.593927818983357,
        "y": -0.09570682956215325
    }
}