{
    "timestamp": 1746703088.8733373,
    "current_position": {
        "x": 220,
        "y": 87
    },
    "predicted_position": {
        "x": 220,
        "y": 87
    },
    "velocity": {
        "x": 0.8669376853828794,
        "y": 0.5263550232681768
    }
}