{
    "timestamp": 1746703077.9718158,
    "current_position": {
        "x": 76,
        "y": 129
    },
    "predicted_position": {
        "x": 75,
        "y": 129
    },
    "velocity": {
        "x": -0.046737552983495086,
        "y": 0.14021265895048526
    }
}