{
    "timestamp": 1746703083.429997,
    "current_position": {
        "x": 112,
        "y": 66
    },
    "predicted_position": {
        "x": 112,
        "y": 65
    },
    "velocity": {
        "x": 0.03723805065494045,
        "y": -0.11171415196482135
    }
}