{
    "timestamp": 1746703067.2261,
    "current_position": {
        "x": 154,
        "y": 185
    },
    "predicted_position": {
        "x": 154,
        "y": 185
    },
    "velocity": {
        "x": 4.412998398261129,
        "y": 2.7229139053100586
    }
}