{
    "timestamp": 1746703079.4146717,
    "current_position": {
        "x": 60,
        "y": 99
    },
    "predicted_position": {
        "x": 59,
        "y": 98
    },
    "velocity": {
        "x": -0.2627093669770701,
        "y": -1.5762562018624204
    }
}