{
    "timestamp": 1746703075.192119,
    "current_position": {
        "x": 140,
        "y": 114
    },
    "predicted_position": {
        "x": 139,
        "y": 113
    },
    "velocity": {
        "x": -0.8057422990783673,
        "y": -0.7520261458064761
    }
}