{
    "timestamp": 1746703077.5038095,
    "current_position": {
        "x": 79,
        "y": 162
    },
    "predicted_position": {
        "x": 79,
        "y": 162
    },
    "velocity": {
        "x": 0.0,
        "y": 0.28669636294878714
    }
}