{
    "timestamp": 1746703079.122336,
    "current_position": {
        "x": 36,
        "y": 153
    },
    "predicted_position": {
        "x": 35,
        "y": 153
    },
    "velocity": {
        "x": -0.48787863224160133,
        "y": 4.302202484312303
    }
}