{
    "timestamp": 1746703079.5533779,
    "current_position": {
        "x": 142,
        "y": 51
    },
    "predicted_position": {
        "x": 142,
        "y": 50
    },
    "velocity": {
        "x": 3.133482025838645,
        "y": -0.3916852532298306
    }
}