{
    "timestamp": 1746703068.20235,
    "current_position": {
        "x": 177,
        "y": 135
    },
    "predicted_position": {
        "x": 176,
        "y": 135
    },
    "velocity": {
        "x": -1.2041348234682885,
        "y": 3.7844237309003352
    }
}