{
    "timestamp": 1746703065.110174,
    "current_position": {
        "x": 205,
        "y": 59
    },
    "predicted_position": {
        "x": 205,
        "y": 57
    },
    "velocity": {
        "x": 3.280828718524058,
        "y": -15.701108867222278
    }
}