{
    "timestamp": 1746703078.2568684,
    "current_position": {
        "x": 176,
        "y": 116
    },
    "predicted_position": {
        "x": 175,
        "y": 115
    },
    "velocity": {
        "x": -0.599599924004717,
        "y": -0.13836921323185777
    }
}