{
    "timestamp": 1746703065.5605063,
    "current_position": {
        "x": 122,
        "y": 108
    },
    "predicted_position": {
        "x": 122,
        "y": 108
    },
    "velocity": {
        "x": 5.119779764908529,
        "y": 4.340682844161579
    }
}