{
    "timestamp": 1746703078.0864177,
    "current_position": {
        "x": 193,
        "y": 142
    },
    "predicted_position": {
        "x": 193,
        "y": 142
    },
    "velocity": {
        "x": 5.439160413343925,
        "y": 0.6043511570382138
    }
}