{
    "timestamp": 1746703063.934407,
    "current_position": {
        "x": 73,
        "y": 122
    },
    "predicted_position": {
        "x": 72,
        "y": 122
    },
    "velocity": {
        "x": -5.43577070149213,
        "y": 6.387030574253253
    }
}