{
    "timestamp": 1746703061.9310057,
    "current_position": {
        "x": 124,
        "y": 92
    },
    "predicted_position": {
        "x": 124,
        "y": 92
    },
    "velocity": {
        "x": 6.722361620672301,
        "y": 4.4815744137815345
    }
}