{
    "timestamp": 1746703073.949391,
    "current_position": {
        "x": 12,
        "y": 106
    },
    "predicted_position": {
        "x": 11,
        "y": 105
    },
    "velocity": {
        "x": -3.7988571840731993,
        "y": -0.1726753265487818
    }
}