{
    "timestamp": 1746703067.9445958,
    "current_position": {
        "x": 109,
        "y": 112
    },
    "predicted_position": {
        "x": 109,
        "y": 112
    },
    "velocity": {
        "x": 2.023071646236128,
        "y": 3.8702240188865056
    }
}