{
    "timestamp": 1746703076.2238724,
    "current_position": {
        "x": 196,
        "y": 107
    },
    "predicted_position": {
        "x": 196,
        "y": 107
    },
    "velocity": {
        "x": 1.0179087011295445,
        "y": 0.40716348045181777
    }
}