{
    "timestamp": 1746703062.1337297,
    "current_position": {
        "x": 21,
        "y": 127
    },
    "predicted_position": {
        "x": 20,
        "y": 126
    },
    "velocity": {
        "x": -2.338977237269344,
        "y": -5.217718452370075
    }
}