{
    "timestamp": 1746703067.3646622,
    "current_position": {
        "x": 113,
        "y": 108
    },
    "predicted_position": {
        "x": 112,
        "y": 107
    },
    "velocity": {
        "x": -1.0195647710502247,
        "y": -1.9464418356413382
    }
}