{
    "timestamp": 1746703063.8120847,
    "current_position": {
        "x": 164,
        "y": 172
    },
    "predicted_position": {
        "x": 163,
        "y": 171
    },
    "velocity": {
        "x": -2.2110625572605214,
        "y": -3.0402110162332168
    }
}