{
    "timestamp": 1746703060.4956887,
    "current_position": {
        "x": 158,
        "y": 165
    },
    "predicted_position": {
        "x": 159,
        "y": 165
    },
    "velocity": {
        "x": 12.245073483848978,
        "y": 4.847008254023554
    }
}