{
    "timestamp": 1746703075.2656367,
    "current_position": {
        "x": 147,
        "y": 105
    },
    "predicted_position": {
        "x": 147,
        "y": 104
    },
    "velocity": {
        "x": 0.3745340031509704,
        "y": -0.48154371833696197
    }
}