{
    "timestamp": 1746703060.0969517,
    "current_position": {
        "x": 132,
        "y": 101
    },
    "predicted_position": {
        "x": 134,
        "y": 100
    },
    "velocity": {
        "x": 25.84341213887564,
        "y": -3.9759095598270218
    }
}