{
    "timestamp": 1746703075.5739763,
    "current_position": {
        "x": 140,
        "y": 107
    },
    "predicted_position": {
        "x": 140,
        "y": 107
    },
    "velocity": {
        "x": 0.4210918283359954,
        "y": 0.10527295708399885
    }
}