{
    "timestamp": 1746703083.490555,
    "current_position": {
        "x": 88,
        "y": 96
    },
    "predicted_position": {
        "x": 88,
        "y": 96
    },
    "velocity": {
        "x": 0.14861706150443707,
        "y": 0.26007985763276487
    }
}