{
    "timestamp": 1746703088.214346,
    "current_position": {
        "x": 215,
        "y": 224
    },
    "predicted_position": {
        "x": 215,
        "y": 224
    },
    "velocity": {
        "x": 1.3274923222469646,
        "y": 0.7585670412839797
    }
}