{
    "timestamp": 1746703082.937115,
    "current_position": {
        "x": 69,
        "y": 138
    },
    "predicted_position": {
        "x": 69,
        "y": 137
    },
    "velocity": {
        "x": 0.7586859079875117,
        "y": -0.5690144309906338
    }
}