{
    "timestamp": 1746703059.972401,
    "current_position": {
        "x": 36,
        "y": 177
    },
    "predicted_position": {
        "x": 32,
        "y": 177
    },
    "velocity": {
        "x": -36.21208585229551,
        "y": 8.537808859484306
    }
}