{
    "timestamp": 1746703076.6721852,
    "current_position": {
        "x": 70,
        "y": 85
    },
    "predicted_position": {
        "x": 69,
        "y": 84
    },
    "velocity": {
        "x": -6.070726859395202,
        "y": -2.9358433172484992
    }
}