{
    "timestamp": 1746703069.7667956,
    "current_position": {
        "x": 122,
        "y": 104
    },
    "predicted_position": {
        "x": 122,
        "y": 103
    },
    "velocity": {
        "x": 1.2129435540447797,
        "y": -0.15161794425559746
    }
}