{
    "timestamp": 1746703074.5056968,
    "current_position": {
        "x": 111,
        "y": 27
    },
    "predicted_position": {
        "x": 111,
        "y": 26
    },
    "velocity": {
        "x": 0.7250437741275628,
        "y": -0.055772598009812525
    }
}