{
    "timestamp": 1746703068.0776005,
    "current_position": {
        "x": 187,
        "y": 102
    },
    "predicted_position": {
        "x": 187,
        "y": 101
    },
    "velocity": {
        "x": 2.1735623227915912,
        "y": -7.650939376226401
    }
}