{
    "timestamp": 1746703062.2435734,
    "current_position": {
        "x": 90,
        "y": 81
    },
    "predicted_position": {
        "x": 90,
        "y": 80
    },
    "velocity": {
        "x": 7.763114133601563,
        "y": -2.2936473576550074
    }
}