{
    "timestamp": 1746703083.2448792,
    "current_position": {
        "x": 133,
        "y": 78
    },
    "predicted_position": {
        "x": 132,
        "y": 77
    },
    "velocity": {
        "x": -0.29997224081143903,
        "y": -0.2249791806085793
    }
}