{
    "timestamp": 1746703065.668422,
    "current_position": {
        "x": 136,
        "y": 96
    },
    "predicted_position": {
        "x": 136,
        "y": 96
    },
    "velocity": {
        "x": 0.7698502773599033,
        "y": 0.0
    }
}