{
    "timestamp": 1746703078.9224389,
    "current_position": {
        "x": 171,
        "y": 52
    },
    "predicted_position": {
        "x": 170,
        "y": 52
    },
    "velocity": {
        "x": -0.40274413758806415,
        "y": 0.08949869724179203
    }
}