{
    "timestamp": 1746703080.1062212,
    "current_position": {
        "x": 171,
        "y": 60
    },
    "predicted_position": {
        "x": 171,
        "y": 60
    },
    "velocity": {
        "x": 0.5524750037669475,
        "y": 0.08499615442568421
    }
}