{
    "timestamp": 1746703061.5421402,
    "current_position": {
        "x": 59,
        "y": 209
    },
    "predicted_position": {
        "x": 56,
        "y": 212
    },
    "velocity": {
        "x": -20.538034577255008,
        "y": 31.00840514605168
    }
}