{
    "timestamp": 1746703080.2141044,
    "current_position": {
        "x": 73,
        "y": 83
    },
    "predicted_position": {
        "x": 72,
        "y": 83
    },
    "velocity": {
        "x": -1.7767730420164447,
        "y": 0.21152060024005293
    }
}