{
    "timestamp": 1746703070.276769,
    "current_position": {
        "x": 124,
        "y": 110
    },
    "predicted_position": {
        "x": 124,
        "y": 110
    },
    "velocity": {
        "x": 0.14597449007469773,
        "y": 0.4379234702240932
    }
}