{
    "timestamp": 1746703077.6575663,
    "current_position": {
        "x": 188,
        "y": 91
    },
    "predicted_position": {
        "x": 188,
        "y": 90
    },
    "velocity": {
        "x": 5.0280285455117575,
        "y": -2.2768431149487203
    }
}