{
    "timestamp": 1746703070.3064628,
    "current_position": {
        "x": 126,
        "y": 108
    },
    "predicted_position": {
        "x": 126,
        "y": 107
    },
    "velocity": {
        "x": 0.14565880786003946,
        "y": -0.14565880786003946
    }
}