{
    "timestamp": 1746703062.1799037,
    "current_position": {
        "x": 57,
        "y": 101
    },
    "predicted_position": {
        "x": 57,
        "y": 100
    },
    "velocity": {
        "x": 6.423800748980687,
        "y": -4.639411652041607
    }
}