{
    "timestamp": 1746703060.2337344,
    "current_position": {
        "x": 166,
        "y": 150
    },
    "predicted_position": {
        "x": 167,
        "y": 150
    },
    "velocity": {
        "x": 12.848587994827515,
        "y": 9.841471655612564
    }
}