{
    "timestamp": 1746703088.3999717,
    "current_position": {
        "x": 237,
        "y": 99
    },
    "predicted_position": {
        "x": 236,
        "y": 98
    },
    "velocity": {
        "x": -0.18853560927357155,
        "y": -3.613599177743455
    }
}