{
    "timestamp": 1746703061.0183496,
    "current_position": {
        "x": 194,
        "y": 170
    },
    "predicted_position": {
        "x": 195,
        "y": 172
    },
    "velocity": {
        "x": 18.457640068617852,
        "y": 21.608944470576997
    }
}