{
    "timestamp": 1746703075.7185304,
    "current_position": {
        "x": 139,
        "y": 106
    },
    "predicted_position": {
        "x": 138,
        "y": 105
    },
    "velocity": {
        "x": -0.1044780026847954,
        "y": -0.0522390013423977
    }
}