{
    "timestamp": 1746703066.1777327,
    "current_position": {
        "x": 222,
        "y": 84
    },
    "predicted_position": {
        "x": 222,
        "y": 84
    },
    "velocity": {
        "x": 6.977721813981825,
        "y": 4.4782393731525145
    }
}