{
    "timestamp": 1746703079.5842955,
    "current_position": {
        "x": 147,
        "y": 45
    },
    "predicted_position": {
        "x": 147,
        "y": 44
    },
    "velocity": {
        "x": 0.21731051544183436,
        "y": -0.26077261853020123
    }
}