{
    "timestamp": 1746703070.4151025,
    "current_position": {
        "x": 143,
        "y": 95
    },
    "predicted_position": {
        "x": 143,
        "y": 94
    },
    "velocity": {
        "x": 0.7225768911058558,
        "y": -0.505803823774099
    }
}