{
    "timestamp": 1746703087.8915296,
    "current_position": {
        "x": 164,
        "y": 170
    },
    "predicted_position": {
        "x": 163,
        "y": 170
    },
    "velocity": {
        "x": -1.979832235030199,
        "y": 2.45882390479557
    }
}