{
    "timestamp": 1746703088.9348242,
    "current_position": {
        "x": 38,
        "y": 12
    },
    "predicted_position": {
        "x": 37,
        "y": 11
    },
    "velocity": {
        "x": -5.62438745459382,
        "y": -2.3177420829370137
    }
}