{
    "timestamp": 1746703065.1411614,
    "current_position": {
        "x": 193,
        "y": 43
    },
    "predicted_position": {
        "x": 192,
        "y": 42
    },
    "velocity": {
        "x": -1.4009826487313728,
        "y": -1.8679768649751638
    }
}