{
    "timestamp": 1746703073.8749275,
    "current_position": {
        "x": 115,
        "y": 99
    },
    "predicted_position": {
        "x": 114,
        "y": 98
    },
    "velocity": {
        "x": -2.081023174402293,
        "y": -0.28903099644476293
    }
}