{
    "timestamp": 1746703080.5837202,
    "current_position": {
        "x": 152,
        "y": 95
    },
    "predicted_position": {
        "x": 151,
        "y": 95
    },
    "velocity": {
        "x": -0.6664452030411667,
        "y": 0.9580149793716772
    }
}