{
    "timestamp": 1746703059.589515,
    "current_position": {
        "x": 29,
        "y": 132
    },
    "predicted_position": {
        "x": 28,
        "y": 131
    },
    "velocity": {
        "x": -7.299826876237869,
        "y": -0.3318103125562668
    }
}