{
    "timestamp": 1746703059.5315614,
    "current_position": {
        "x": 48,
        "y": 123
    },
    "predicted_position": {
        "x": 47,
        "y": 122
    },
    "velocity": {
        "x": -4.059791928965566,
        "y": -1.0149479822413916
    }
}