{
    "timestamp": 1746703083.307049,
    "current_position": {
        "x": 123,
        "y": 80
    },
    "predicted_position": {
        "x": 122,
        "y": 79
    },
    "velocity": {
        "x": -0.07481864660915931,
        "y": -0.037409323304579654
    }
}