{
    "timestamp": 1746703064.9863436,
    "current_position": {
        "x": 76,
        "y": 139
    },
    "predicted_position": {
        "x": 76,
        "y": 139
    },
    "velocity": {
        "x": 2.2590543852742306,
        "y": 9.749603136446678
    }
}