{
    "timestamp": 1746703076.9180582,
    "current_position": {
        "x": 68,
        "y": 144
    },
    "predicted_position": {
        "x": 67,
        "y": 144
    },
    "velocity": {
        "x": -0.29495170556905204,
        "y": 2.5070894973369424
    }
}