{
    "timestamp": 1746703078.9998376,
    "current_position": {
        "x": 190,
        "y": 62
    },
    "predicted_position": {
        "x": 190,
        "y": 62
    },
    "velocity": {
        "x": 0.08918978442282113,
        "y": 0.0
    }
}