{
    "timestamp": 1746703079.5223324,
    "current_position": {
        "x": 70,
        "y": 60
    },
    "predicted_position": {
        "x": 70,
        "y": 59
    },
    "velocity": {
        "x": 0.21789732291863084,
        "y": -0.4357946458372617
    }
}