{
    "timestamp": 1746703060.7567291,
    "current_position": {
        "x": 112,
        "y": 74
    },
    "predicted_position": {
        "x": 113,
        "y": 74
    },
    "velocity": {
        "x": 15.068222242079424,
        "y": 2.6309594390932327
    }
}