{
    "timestamp": 1746703065.6365097,
    "current_position": {
        "x": 129,
        "y": 96
    },
    "predicted_position": {
        "x": 129,
        "y": 95
    },
    "velocity": {
        "x": 0.7725617166499112,
        "y": -0.1103659595214159
    }
}