{
    "timestamp": 1746703079.8739426,
    "current_position": {
        "x": 156,
        "y": 70
    },
    "predicted_position": {
        "x": 155,
        "y": 69
    },
    "velocity": {
        "x": -0.08584354986512242,
        "y": -0.9013572735837854
    }
}