{
    "timestamp": 1746703080.1671374,
    "current_position": {
        "x": 115,
        "y": 78
    },
    "predicted_position": {
        "x": 114,
        "y": 78
    },
    "velocity": {
        "x": -2.5856888251005525,
        "y": 0.7206018037165474
    }
}