{
    "timestamp": 1746703076.4246562,
    "current_position": {
        "x": 215,
        "y": 152
    },
    "predicted_position": {
        "x": 215,
        "y": 152
    },
    "velocity": {
        "x": 0.9572313426568239,
        "y": 2.2671268641872144
    }
}