{
    "timestamp": 1746703060.0346963,
    "current_position": {
        "x": 44,
        "y": 162
    },
    "predicted_position": {
        "x": 43,
        "y": 161
    },
    "velocity": {
        "x": -0.5782099042080125,
        "y": -0.2891049521040063
    }
}