{
    "timestamp": 1746703079.0464296,
    "current_position": {
        "x": 181,
        "y": 62
    },
    "predicted_position": {
        "x": 180,
        "y": 62
    },
    "velocity": {
        "x": -0.4005218396063113,
        "y": 0.0
    }
}