{
    "timestamp": 1746703061.3112857,
    "current_position": {
        "x": 202,
        "y": 104
    },
    "predicted_position": {
        "x": 202,
        "y": 102
    },
    "velocity": {
        "x": 3.589875048697789,
        "y": -15.626514917860964
    }
}