{
    "timestamp": 1746703079.6911423,
    "current_position": {
        "x": 159,
        "y": 42
    },
    "predicted_position": {
        "x": 158,
        "y": 41
    },
    "velocity": {
        "x": -0.30282845078219545,
        "y": -0.04326120725459935
    }
}