{
    "timestamp": 1746703079.3369954,
    "current_position": {
        "x": 66,
        "y": 150
    },
    "predicted_position": {
        "x": 65,
        "y": 150
    },
    "velocity": {
        "x": -0.1318029517112423,
        "y": 0.7029490757932921
    }
}