{
    "timestamp": 1746703061.1566794,
    "current_position": {
        "x": 177,
        "y": 187
    },
    "predicted_position": {
        "x": 176,
        "y": 186
    },
    "velocity": {
        "x": -1.7463685536544715,
        "y": -2.4012567612748983
    }
}