{
    "timestamp": 1746703061.963662,
    "current_position": {
        "x": 76,
        "y": 83
    },
    "predicted_position": {
        "x": 75,
        "y": 82
    },
    "velocity": {
        "x": -8.908823136622587,
        "y": -1.670404338116735
    }
}