{
    "timestamp": 1746703068.2950418,
    "current_position": {
        "x": 149,
        "y": 193
    },
    "predicted_position": {
        "x": 148,
        "y": 193
    },
    "velocity": {
        "x": -1.0239522105637404,
        "y": 2.7305392281699743
    }
}