{
    "timestamp": 1746703077.0111082,
    "current_position": {
        "x": 175,
        "y": 158
    },
    "predicted_position": {
        "x": 175,
        "y": 158
    },
    "velocity": {
        "x": 5.236021423619804,
        "y": 0.6850869152399743
    }
}