{
    "timestamp": 1746703073.7515793,
    "current_position": {
        "x": 168,
        "y": 102
    },
    "predicted_position": {
        "x": 168,
        "y": 102
    },
    "velocity": {
        "x": 0.5239920100133437,
        "y": 0.11644266889185416
    }
}