{
    "timestamp": 1746703061.604512,
    "current_position": {
        "x": 124,
        "y": 186
    },
    "predicted_position": {
        "x": 125,
        "y": 185
    },
    "velocity": {
        "x": 15.510760055220471,
        "y": -5.766821046171714
    }
}