{
    "timestamp": 1746703074.1040983,
    "current_position": {
        "x": 91,
        "y": 55
    },
    "predicted_position": {
        "x": 91,
        "y": 54
    },
    "velocity": {
        "x": 0.5134538177984233,
        "y": -0.855756362997372
    }
}