{
    "timestamp": 1746703059.482362,
    "current_position": {
        "x": 60,
        "y": 126
    },
    "predicted_position": {
        "x": 56,
        "y": 128
    },
    "velocity": {
        "x": -33.37212797783588,
        "y": 24.427021509549974
    }
}