{
    "timestamp": 1746703065.0490139,
    "current_position": {
        "x": 160,
        "y": 196
    },
    "predicted_position": {
        "x": 160,
        "y": 196
    },
    "velocity": {
        "x": 9.913529257867859,
        "y": 6.727037710696047
    }
}