{
    "timestamp": 1746703062.2027001,
    "current_position": {
        "x": 46,
        "y": 94
    },
    "predicted_position": {
        "x": 45,
        "y": 93
    },
    "velocity": {
        "x": -1.9548760334290334,
        "y": -1.2440120212730212
    }
}