{
    "timestamp": 1746703075.8371944,
    "current_position": {
        "x": 112,
        "y": 93
    },
    "predicted_position": {
        "x": 111,
        "y": 92
    },
    "velocity": {
        "x": -1.4536808296985797,
        "y": -0.259585862446175
    }
}