{
    "timestamp": 1746703061.188107,
    "current_position": {
        "x": 165,
        "y": 161
    },
    "predicted_position": {
        "x": 164,
        "y": 160
    },
    "velocity": {
        "x": -2.60170377328773,
        "y": -5.637024842123415
    }
}