{
    "timestamp": 1746703088.367952,
    "current_position": {
        "x": 243,
        "y": 214
    },
    "predicted_position": {
        "x": 243,
        "y": 213
    },
    "velocity": {
        "x": 0.6919934760486806,
        "y": -0.8492647206051989
    }
}