{
    "timestamp": 1746703075.6658263,
    "current_position": {
        "x": 141,
        "y": 107
    },
    "predicted_position": {
        "x": 141,
        "y": 106
    },
    "velocity": {
        "x": 0.10476644664351722,
        "y": -0.10476644664351722
    }
}