{
    "timestamp": 1746703078.8765068,
    "current_position": {
        "x": 180,
        "y": 50
    },
    "predicted_position": {
        "x": 180,
        "y": 49
    },
    "velocity": {
        "x": 0.5829397235882267,
        "y": -1.5246115847692083
    }
}