{
    "timestamp": 1746703062.0087602,
    "current_position": {
        "x": 134,
        "y": 180
    },
    "predicted_position": {
        "x": 135,
        "y": 181
    },
    "velocity": {
        "x": 10.675471409642686,
        "y": 17.85380563336794
    }
}