{
    "timestamp": 1746703065.466686,
    "current_position": {
        "x": 71,
        "y": 45
    },
    "predicted_position": {
        "x": 70,
        "y": 45
    },
    "velocity": {
        "x": -1.6871104823080767,
        "y": 0.5623701607693589
    }
}