{
    "timestamp": 1746703078.132384,
    "current_position": {
        "x": 189,
        "y": 119
    },
    "predicted_position": {
        "x": 188,
        "y": 118
    },
    "velocity": {
        "x": -0.18555768197032757,
        "y": -1.0669566713293834
    }
}