{
    "timestamp": 1746703584.8029618,
    "current_position": {
        "x": 144,
        "y": 129
    },
    "predicted_position": {
        "x": 144,
        "y": 128
    },
    "velocity": {
        "x": 8.75717795487914,
        "y": -0.7681735048139596
    }
}