{
    "timestamp": 1746703583.859758,
    "current_position": {
        "x": 102,
        "y": 98
    },
    "predicted_position": {
        "x": 101,
        "y": 97
    },
    "velocity": {
        "x": -6.108798871164687,
        "y": -0.8983527751712775
    }
}