{
    "timestamp": 1746703582.4525912,
    "current_position": {
        "x": 65,
        "y": 115
    },
    "predicted_position": {
        "x": 65,
        "y": 113
    },
    "velocity": {
        "x": 10.580546062366668,
        "y": -14.668484313735608
    }
}