{
    "timestamp": 1746703586.823494,
    "current_position": {
        "x": 132,
        "y": 120
    },
    "predicted_position": {
        "x": 132,
        "y": 119
    },
    "velocity": {
        "x": 4.572378119215183,
        "y": -1.172404645952611
    }
}