{
    "timestamp": 1746703586.408157,
    "current_position": {
        "x": 127,
        "y": 128
    },
    "predicted_position": {
        "x": 126,
        "y": 127
    },
    "velocity": {
        "x": -1.725382785315129,
        "y": -0.7394497651350552
    }
}