{
    "timestamp": 1746703585.378926,
    "current_position": {
        "x": 139,
        "y": 118
    },
    "predicted_position": {
        "x": 138,
        "y": 117
    },
    "velocity": {
        "x": -1.976030637494587,
        "y": -7.480687413372365
    }
}