{
    "timestamp": 1746703588.94587,
    "current_position": {
        "x": 106,
        "y": 199
    },
    "predicted_position": {
        "x": 106,
        "y": 199
    },
    "velocity": {
        "x": 1.7837269931149315,
        "y": 0.6571625764107643
    }
}