{
    "timestamp": 1746703587.0087094,
    "current_position": {
        "x": 71,
        "y": 235
    },
    "predicted_position": {
        "x": 71,
        "y": 235
    },
    "velocity": {
        "x": 0.3442461748067654,
        "y": 0.3442461748067654
    }
}