{
    "timestamp": 1746703585.6092064,
    "current_position": {
        "x": 178,
        "y": 70
    },
    "predicted_position": {
        "x": 178,
        "y": 70
    },
    "velocity": {
        "x": 0.2734036687278662,
        "y": 1.9138256810950633
    }
}