{
    "timestamp": 1746703582.4986417,
    "current_position": {
        "x": 76,
        "y": 112
    },
    "predicted_position": {
        "x": 76,
        "y": 111
    },
    "velocity": {
        "x": 2.616166047082359,
        "y": -0.7134998310224615
    }
}