{
    "timestamp": 1746703588.7304883,
    "current_position": {
        "x": 90,
        "y": 45
    },
    "predicted_position": {
        "x": 90,
        "y": 44
    },
    "velocity": {
        "x": 2.299627546095617,
        "y": -7.090518267128152
    }
}