{
    "timestamp": 1746703581.3740618,
    "current_position": {
        "x": 118,
        "y": 134
    },
    "predicted_position": {
        "x": 117,
        "y": 134
    },
    "velocity": {
        "x": -6.49340914104802,
        "y": 5.194727312838416
    }
}