{
    "timestamp": 1746703589.8524778,
    "current_position": {
        "x": 70,
        "y": 98
    },
    "predicted_position": {
        "x": 69,
        "y": 97
    },
    "velocity": {
        "x": -11.333687680931385,
        "y": -4.152801593013026
    }
}