{
    "timestamp": 1746703581.312456,
    "current_position": {
        "x": 162,
        "y": 92
    },
    "predicted_position": {
        "x": 161,
        "y": 92
    },
    "velocity": {
        "x": -2.3190785399600133,
        "y": 5.632047882760033
    }
}