{
    "timestamp": 1746703585.4711466,
    "current_position": {
        "x": 140,
        "y": 114
    },
    "predicted_position": {
        "x": 140,
        "y": 113
    },
    "velocity": {
        "x": 0.1393314415882314,
        "y": -0.5573257663529256
    }
}