{
    "timestamp": 1746703586.2861845,
    "current_position": {
        "x": 189,
        "y": 103
    },
    "predicted_position": {
        "x": 188,
        "y": 102
    },
    "velocity": {
        "x": -2.6275720963799265,
        "y": -1.3763472885799615
    }
}