{
    "timestamp": 1746703584.087444,
    "current_position": {
        "x": 123,
        "y": 74
    },
    "predicted_position": {
        "x": 122,
        "y": 73
    },
    "velocity": {
        "x": -3.6247966616459664,
        "y": -2.4165311077639777
    }
}