{
    "timestamp": 1746703586.6546125,
    "current_position": {
        "x": 110,
        "y": 127
    },
    "predicted_position": {
        "x": 109,
        "y": 127
    },
    "velocity": {
        "x": -5.143173452674795,
        "y": 1.3156955344051802
    }
}