{
    "timestamp": 1746703589.0385823,
    "current_position": {
        "x": 207,
        "y": 120
    },
    "predicted_position": {
        "x": 207,
        "y": 119
    },
    "velocity": {
        "x": 9.400099884660222,
        "y": -7.352553375130273
    }
}