{
    "timestamp": 1746703585.762024,
    "current_position": {
        "x": 137,
        "y": 133
    },
    "predicted_position": {
        "x": 136,
        "y": 132
    },
    "velocity": {
        "x": -3.0798037626994548,
        "y": -1.4729496256388697
    }
}