{
    "timestamp": 1746703584.04124,
    "current_position": {
        "x": 144,
        "y": 88
    },
    "predicted_position": {
        "x": 144,
        "y": 88
    },
    "velocity": {
        "x": 2.60995554312138,
        "y": 0.173997036208092
    }
}