{
    "timestamp": 1746703588.2994752,
    "current_position": {
        "x": 103,
        "y": 95
    },
    "predicted_position": {
        "x": 103,
        "y": 94
    },
    "velocity": {
        "x": 3.697981069838566,
        "y": -0.9994543431996125
    }
}