{
    "timestamp": 1746703587.0418947,
    "current_position": {
        "x": 180,
        "y": 106
    },
    "predicted_position": {
        "x": 180,
        "y": 104
    },
    "velocity": {
        "x": 12.460163160364276,
        "y": -14.746431630155886
    }
}