{
    "timestamp": 1746703589.1768682,
    "current_position": {
        "x": 56,
        "y": 82
    },
    "predicted_position": {
        "x": 54,
        "y": 81
    },
    "velocity": {
        "x": -12.680498914340607,
        "y": -2.9404055453543436
    }
}