{
    "timestamp": 1746703588.146653,
    "current_position": {
        "x": 31,
        "y": 110
    },
    "predicted_position": {
        "x": 30,
        "y": 110
    },
    "velocity": {
        "x": -11.063027774306644,
        "y": 3.4508527002424394
    }
}