{
    "timestamp": 1746703588.1765695,
    "current_position": {
        "x": 44,
        "y": 112
    },
    "predicted_position": {
        "x": 44,
        "y": 112
    },
    "velocity": {
        "x": 1.315449451857381,
        "y": 0.20237683874728937
    }
}