{
    "timestamp": 1746703581.3427012,
    "current_position": {
        "x": 138,
        "y": 118
    },
    "predicted_position": {
        "x": 137,
        "y": 118
    },
    "velocity": {
        "x": -7.872245136783796,
        "y": 8.528265564849113
    }
}