{
    "timestamp": 1746703590.1768868,
    "current_position": {
        "x": 202,
        "y": 86
    },
    "predicted_position": {
        "x": 202,
        "y": 85
    },
    "velocity": {
        "x": 0.504928474252621,
        "y": -1.009856948505242
    }
}