{
    "timestamp": 1746703587.7464254,
    "current_position": {
        "x": 33,
        "y": 26
    },
    "predicted_position": {
        "x": 31,
        "y": 25
    },
    "velocity": {
        "x": -15.55158990957033,
        "y": -8.463450290922628
    }
}