{
    "timestamp": 1746703582.4207928,
    "current_position": {
        "x": 21,
        "y": 176
    },
    "predicted_position": {
        "x": 21,
        "y": 176
    },
    "velocity": {
        "x": 1.9385587509080557,
        "y": 2.42319843863507
    }
}