{
    "timestamp": 1746703581.4669096,
    "current_position": {
        "x": 109,
        "y": 141
    },
    "predicted_position": {
        "x": 108,
        "y": 141
    },
    "velocity": {
        "x": -0.9455090523187338,
        "y": 0.31516968410624463
    }
}