{
    "timestamp": 1746703582.390746,
    "current_position": {
        "x": 13,
        "y": 166
    },
    "predicted_position": {
        "x": 9,
        "y": 166
    },
    "velocity": {
        "x": -39.787826211043246,
        "y": 1.2204854665964187
    }
}