{
    "timestamp": 1746703581.436105,
    "current_position": {
        "x": 112,
        "y": 140
    },
    "predicted_position": {
        "x": 111,
        "y": 139
    },
    "velocity": {
        "x": -0.9547786996738266,
        "y": -11.139084829527976
    }
}