{
    "timestamp": 1746703586.5337448,
    "current_position": {
        "x": 142,
        "y": 108
    },
    "predicted_position": {
        "x": 141,
        "y": 108
    },
    "velocity": {
        "x": -4.733165279361541,
        "y": 1.8204481843698233
    }
}