{
    "timestamp": 1746703583.8242466,
    "current_position": {
        "x": 136,
        "y": 103
    },
    "predicted_position": {
        "x": 136,
        "y": 103
    },
    "velocity": {
        "x": 0.9041213650768879,
        "y": 1.8082427301537758
    }
}