{
    "timestamp": 1746703588.2381122,
    "current_position": {
        "x": 51,
        "y": 113
    },
    "predicted_position": {
        "x": 51,
        "y": 112
    },
    "velocity": {
        "x": 1.0056217711067683,
        "y": -0.2011243542213537
    }
}