{
    "timestamp": 1746703588.8846798,
    "current_position": {
        "x": 93,
        "y": 194
    },
    "predicted_position": {
        "x": 93,
        "y": 194
    },
    "velocity": {
        "x": 0.9442278463316401,
        "y": 12.274962002311321
    }
}