{
    "timestamp": 1746703582.8670118,
    "current_position": {
        "x": 202,
        "y": 152
    },
    "predicted_position": {
        "x": 201,
        "y": 152
    },
    "velocity": {
        "x": -0.6560250453897639,
        "y": 3.2801252269488193
    }
}