{
    "timestamp": 1746703585.730939,
    "current_position": {
        "x": 160,
        "y": 144
    },
    "predicted_position": {
        "x": 159,
        "y": 144
    },
    "velocity": {
        "x": -0.13446420842403692,
        "y": 6.58874621277781
    }
}