{
    "timestamp": 1746703583.2267957,
    "current_position": {
        "x": 180,
        "y": 107
    },
    "predicted_position": {
        "x": 179,
        "y": 106
    },
    "velocity": {
        "x": -2.6354307161107533,
        "y": -0.8109017588033086
    }
}