{
    "timestamp": 1746703589.7302902,
    "current_position": {
        "x": 201,
        "y": 181
    },
    "predicted_position": {
        "x": 200,
        "y": 181
    },
    "velocity": {
        "x": -2.360908697382704,
        "y": 2.360908697382704
    }
}