{
    "timestamp": 1746703589.0849657,
    "current_position": {
        "x": 194,
        "y": 114
    },
    "predicted_position": {
        "x": 193,
        "y": 113
    },
    "velocity": {
        "x": -1.2047132020673645,
        "y": -0.5560214778772451
    }
}