{
    "timestamp": 1746703584.633938,
    "current_position": {
        "x": 90,
        "y": 145
    },
    "predicted_position": {
        "x": 89,
        "y": 145
    },
    "velocity": {
        "x": -6.309225460317074,
        "y": 0.9463838190475611
    }
}