{
    "timestamp": 1746703582.3420568,
    "current_position": {
        "x": 176,
        "y": 161
    },
    "predicted_position": {
        "x": 176,
        "y": 162
    },
    "velocity": {
        "x": 12.351653231708053,
        "y": 14.08088468414718
    }
}