{
    "timestamp": 1746703584.7394888,
    "current_position": {
        "x": 58,
        "y": 126
    },
    "predicted_position": {
        "x": 58,
        "y": 126
    },
    "velocity": {
        "x": 1.551476470202233,
        "y": 4.964724704647145
    }
}