{
    "timestamp": 1746703590.73278,
    "current_position": {
        "x": 20,
        "y": 232
    },
    "predicted_position": {
        "x": 19,
        "y": 233
    },
    "velocity": {
        "x": -0.8039383761687001,
        "y": 13.184589369166682
    }
}