{
    "timestamp": 1746703585.3013039,
    "current_position": {
        "x": 193,
        "y": 109
    },
    "predicted_position": {
        "x": 192,
        "y": 108
    },
    "velocity": {
        "x": -0.7135427921290877,
        "y": -0.9989599089807227
    }
}