{
    "timestamp": 1746703583.9178545,
    "current_position": {
        "x": 123,
        "y": 95
    },
    "predicted_position": {
        "x": 123,
        "y": 94
    },
    "velocity": {
        "x": 3.7341041177984313,
        "y": -0.533443445399776
    }
}