{
    "timestamp": 1746703589.5288243,
    "current_position": {
        "x": 122,
        "y": 125
    },
    "predicted_position": {
        "x": 122,
        "y": 124
    },
    "velocity": {
        "x": 0.8900908134536919,
        "y": -0.17801816269073836
    }
}