{
    "timestamp": 1746703588.0846272,
    "current_position": {
        "x": 140,
        "y": 75
    },
    "predicted_position": {
        "x": 139,
        "y": 74
    },
    "velocity": {
        "x": -5.106933307676323,
        "y": -7.966815959975065
    }
}