{
    "timestamp": 1746703585.648077,
    "current_position": {
        "x": 154,
        "y": 94
    },
    "predicted_position": {
        "x": 153,
        "y": 94
    },
    "velocity": {
        "x": -3.2635028195177016,
        "y": 3.2635028195177016
    }
}