{
    "timestamp": 1746703588.9150758,
    "current_position": {
        "x": 87,
        "y": 192
    },
    "predicted_position": {
        "x": 86,
        "y": 191
    },
    "velocity": {
        "x": -0.5649153591898888,
        "y": -0.18830511972996292
    }
}