{
    "timestamp": 1746703584.5858293,
    "current_position": {
        "x": 130,
        "y": 139
    },
    "predicted_position": {
        "x": 130,
        "y": 138
    },
    "velocity": {
        "x": 0.953620111786461,
        "y": -7.470024208993944
    }
}