{
    "timestamp": 1746703584.8932219,
    "current_position": {
        "x": 181,
        "y": 101
    },
    "predicted_position": {
        "x": 180,
        "y": 100
    },
    "velocity": {
        "x": -4.697534675740813,
        "y": -6.061335065472017
    }
}