{
    "timestamp": 1746703583.2846344,
    "current_position": {
        "x": 185,
        "y": 105
    },
    "predicted_position": {
        "x": 185,
        "y": 104
    },
    "velocity": {
        "x": 1.0018797858148691,
        "y": -0.40075191432594764
    }
}