{
    "timestamp": 1746703589.3611057,
    "current_position": {
        "x": 112,
        "y": 127
    },
    "predicted_position": {
        "x": 112,
        "y": 127
    },
    "velocity": {
        "x": 4.156467495670929,
        "y": 2.258949725908114
    }
}