{
    "timestamp": 1746703589.238319,
    "current_position": {
        "x": 60,
        "y": 112
    },
    "predicted_position": {
        "x": 59,
        "y": 112
    },
    "velocity": {
        "x": -2.4670368979779096,
        "y": 2.28429342405362
    }
}