{
    "timestamp": 1746703581.7123282,
    "current_position": {
        "x": 129,
        "y": 96
    },
    "predicted_position": {
        "x": 129,
        "y": 96
    },
    "velocity": {
        "x": 0.2925420029598027,
        "y": 0.5850840059196054
    }
}