{
    "timestamp": 1746703586.3467288,
    "current_position": {
        "x": 141,
        "y": 134
    },
    "predicted_position": {
        "x": 141,
        "y": 134
    },
    "velocity": {
        "x": 2.6078167188923507,
        "y": 2.1110897248176173
    }
}