{
    "timestamp": 1746703589.563002,
    "current_position": {
        "x": 212,
        "y": 107
    },
    "predicted_position": {
        "x": 212,
        "y": 106
    },
    "velocity": {
        "x": 7.9865212626827295,
        "y": -1.597304252536546
    }
}