{
    "timestamp": 1746703590.8866177,
    "current_position": {
        "x": 36,
        "y": 70
    },
    "predicted_position": {
        "x": 35,
        "y": 68
    },
    "velocity": {
        "x": -1.4294106952013605,
        "y": -12.705872846234318
    }
}