{
    "timestamp": 1746703584.8620167,
    "current_position": {
        "x": 212,
        "y": 141
    },
    "predicted_position": {
        "x": 212,
        "y": 141
    },
    "velocity": {
        "x": 0.6090133026148031,
        "y": 0.6090133026148031
    }
}