{
    "timestamp": 1746703585.5016632,
    "current_position": {
        "x": 160,
        "y": 63
    },
    "predicted_position": {
        "x": 160,
        "y": 62
    },
    "velocity": {
        "x": 2.7748304599920646,
        "y": -7.075817672979764
    }
}