{
    "timestamp": 1746703588.529992,
    "current_position": {
        "x": 166,
        "y": 178
    },
    "predicted_position": {
        "x": 166,
        "y": 178
    },
    "velocity": {
        "x": 6.154762104132186,
        "y": 8.10865483560272
    }
}