{
    "timestamp": 1746703581.2815144,
    "current_position": {
        "x": 169,
        "y": 75
    },
    "predicted_position": {
        "x": 167,
        "y": 76
    },
    "velocity": {
        "x": -16.40168044666772,
        "y": 15.73222410190577
    }
}