{
    "timestamp": 1746703583.3323903,
    "current_position": {
        "x": 169,
        "y": 110
    },
    "predicted_position": {
        "x": 168,
        "y": 110
    },
    "velocity": {
        "x": -3.1756272750825447,
        "y": 0.9923835234632953
    }
}