{
    "timestamp": 1746703590.2080648,
    "current_position": {
        "x": 98,
        "y": 186
    },
    "predicted_position": {
        "x": 97,
        "y": 186
    },
    "velocity": {
        "x": -8.729190110196397,
        "y": 8.393452029034997
    }
}