{
    "timestamp": 1746703586.2092977,
    "current_position": {
        "x": 210,
        "y": 114
    },
    "predicted_position": {
        "x": 211,
        "y": 114
    },
    "velocity": {
        "x": 15.792235807363326,
        "y": 3.916474480226105
    }
}