{
    "timestamp": 1746703589.3146706,
    "current_position": {
        "x": 66,
        "y": 102
    },
    "predicted_position": {
        "x": 66,
        "y": 102
    },
    "velocity": {
        "x": 0.18147741809407703,
        "y": 0.27221612714111554
    }
}