{
    "timestamp": 1746703590.5480835,
    "current_position": {
        "x": 173,
        "y": 90
    },
    "predicted_position": {
        "x": 173,
        "y": 89
    },
    "velocity": {
        "x": 0.7344499863280719,
        "y": -2.448166621093573
    }
}