{
    "timestamp": 1746703583.5787299,
    "current_position": {
        "x": 153,
        "y": 86
    },
    "predicted_position": {
        "x": 153,
        "y": 85
    },
    "velocity": {
        "x": 1.703024917149011,
        "y": -1.703024917149011
    }
}