{
    "timestamp": 1746703581.5291035,
    "current_position": {
        "x": 121,
        "y": 98
    },
    "predicted_position": {
        "x": 121,
        "y": 97
    },
    "velocity": {
        "x": 1.5455530725977014,
        "y": -4.327548603273564
    }
}