{
    "timestamp": 1746703589.6698701,
    "current_position": {
        "x": 228,
        "y": 154
    },
    "predicted_position": {
        "x": 228,
        "y": 154
    },
    "velocity": {
        "x": 1.4064877509630758,
        "y": 4.131557768454035
    }
}