{
    "timestamp": 1746703583.0059857,
    "current_position": {
        "x": 118,
        "y": 154
    },
    "predicted_position": {
        "x": 116,
        "y": 154
    },
    "velocity": {
        "x": -17.82693828274285,
        "y": 0.4244509114938775
    }
}