{
    "timestamp": 1746703586.5804384,
    "current_position": {
        "x": 155,
        "y": 119
    },
    "predicted_position": {
        "x": 155,
        "y": 119
    },
    "velocity": {
        "x": 1.5688313792792312,
        "y": 1.3274727055439648
    }
}