{
    "timestamp": 1746703590.2390604,
    "current_position": {
        "x": 61,
        "y": 195
    },
    "predicted_position": {
        "x": 60,
        "y": 195
    },
    "velocity": {
        "x": -3.097518741536247,
        "y": 0.753450504698006
    }
}