{
    "timestamp": 1746703588.2687073,
    "current_position": {
        "x": 66,
        "y": 105
    },
    "predicted_position": {
        "x": 66,
        "y": 104
    },
    "velocity": {
        "x": 1.5038058876700895,
        "y": -0.802029806757381
    }
}