{
    "timestamp": 1746703584.695089,
    "current_position": {
        "x": 48,
        "y": 94
    },
    "predicted_position": {
        "x": 47,
        "y": 93
    },
    "velocity": {
        "x": -8.436085036796715,
        "y": -5.6240566911978105
    }
}