{
    "timestamp": 1746703585.96411,
    "current_position": {
        "x": 85,
        "y": 83
    },
    "predicted_position": {
        "x": 85,
        "y": 83
    },
    "velocity": {
        "x": 2.086023909887961,
        "y": 1.0430119549439805
    }
}