{
    "timestamp": 1746703585.240976,
    "current_position": {
        "x": 198,
        "y": 116
    },
    "predicted_position": {
        "x": 198,
        "y": 116
    },
    "velocity": {
        "x": 2.4471133993445733,
        "y": 2.1592177053040356
    }
}