{
    "timestamp": 1746703581.8039155,
    "current_position": {
        "x": 127,
        "y": 95
    },
    "predicted_position": {
        "x": 126,
        "y": 95
    },
    "velocity": {
        "x": -0.5698168274928511,
        "y": 0.8547252412392767
    }
}