{
    "timestamp": 1746703586.3161297,
    "current_position": {
        "x": 120,
        "y": 117
    },
    "predicted_position": {
        "x": 119,
        "y": 117
    },
    "velocity": {
        "x": -8.601224025130186,
        "y": 1.7451758891568492
    }
}