{
    "timestamp": 1746703583.7494035,
    "current_position": {
        "x": 130,
        "y": 90
    },
    "predicted_position": {
        "x": 130,
        "y": 89
    },
    "velocity": {
        "x": 0.7332200980221842,
        "y": -0.5499150735166382
    }
}