{
    "timestamp": 1746703583.0449233,
    "current_position": {
        "x": 196,
        "y": 134
    },
    "predicted_position": {
        "x": 197,
        "y": 133
    },
    "velocity": {
        "x": 16.417915394235617,
        "y": -4.209721895957851
    }
}