{
    "timestamp": 1746703589.2077472,
    "current_position": {
        "x": 87,
        "y": 87
    },
    "predicted_position": {
        "x": 87,
        "y": 87
    },
    "velocity": {
        "x": 2.840458351658271,
        "y": 0.45813844381585017
    }
}