{
    "timestamp": 1746703585.534924,
    "current_position": {
        "x": 170,
        "y": 60
    },
    "predicted_position": {
        "x": 170,
        "y": 59
    },
    "velocity": {
        "x": 1.3810421937737027,
        "y": -0.4143126581321109
    }
}