{
    "timestamp": 1746703583.532813,
    "current_position": {
        "x": 144,
        "y": 95
    },
    "predicted_position": {
        "x": 143,
        "y": 94
    },
    "velocity": {
        "x": -4.772087554838052,
        "y": -2.8632525329028313
    }
}