{
    "timestamp": 1746703585.6854608,
    "current_position": {
        "x": 161,
        "y": 95
    },
    "predicted_position": {
        "x": 161,
        "y": 95
    },
    "velocity": {
        "x": 0.9470407814110382,
        "y": 0.13529154020157688
    }
}