{
    "timestamp": 1746703590.054741,
    "current_position": {
        "x": 78,
        "y": 82
    },
    "predicted_position": {
        "x": 78,
        "y": 81
    },
    "velocity": {
        "x": 0.6802301578592483,
        "y": -1.3604603157184967
    }
}