{
    "timestamp": 1746703584.6615767,
    "current_position": {
        "x": 102,
        "y": 130
    },
    "predicted_position": {
        "x": 102,
        "y": 129
    },
    "velocity": {
        "x": 1.8845519984714398,
        "y": -2.3556899980893
    }
}