{
    "timestamp": 1746703581.55893,
    "current_position": {
        "x": 127,
        "y": 97
    },
    "predicted_position": {
        "x": 127,
        "y": 96
    },
    "velocity": {
        "x": 1.8377205329353792,
        "y": -0.3062867554892299
    }
}