{
    "timestamp": 1746703586.6244006,
    "current_position": {
        "x": 153,
        "y": 116
    },
    "predicted_position": {
        "x": 152,
        "y": 115
    },
    "velocity": {
        "x": -0.2400849429254302,
        "y": -0.36012741438814533
    }
}