{
    "timestamp": 1746703590.3290305,
    "current_position": {
        "x": 79,
        "y": 74
    },
    "predicted_position": {
        "x": 78,
        "y": 74
    },
    "velocity": {
        "x": -1.2463632296919376,
        "y": 0.6647270558357
    }
}