{
    "timestamp": 1746703585.8545623,
    "current_position": {
        "x": 69,
        "y": 75
    },
    "predicted_position": {
        "x": 68,
        "y": 73
    },
    "velocity": {
        "x": -8.994058666470563,
        "y": -13.226556862456711
    }
}