{
    "timestamp": 1746703589.7609081,
    "current_position": {
        "x": 202,
        "y": 146
    },
    "predicted_position": {
        "x": 202,
        "y": 145
    },
    "velocity": {
        "x": 0.08720758493811694,
        "y": -3.052265472834093
    }
}