{
    "timestamp": 1746703585.5785334,
    "current_position": {
        "x": 176,
        "y": 56
    },
    "predicted_position": {
        "x": 176,
        "y": 55
    },
    "velocity": {
        "x": 0.8236646808373592,
        "y": -0.5491097872249061
    }
}