{
    "timestamp": 1746703581.742122,
    "current_position": {
        "x": 128,
        "y": 95
    },
    "predicted_position": {
        "x": 127,
        "y": 94
    },
    "velocity": {
        "x": -0.29001426180401796,
        "y": -0.29001426180401796
    }
}