{
    "timestamp": 1746703589.2700202,
    "current_position": {
        "x": 64,
        "y": 99
    },
    "predicted_position": {
        "x": 64,
        "y": 98
    },
    "velocity": {
        "x": 0.36443133413124745,
        "y": -1.1844018359265542
    }
}