{
    "timestamp": 1746703588.5961354,
    "current_position": {
        "x": 171,
        "y": 190
    },
    "predicted_position": {
        "x": 171,
        "y": 190
    },
    "velocity": {
        "x": 0.48533701122850054,
        "y": 1.1648088269484012
    }
}