{
    "timestamp": 1746703581.7737687,
    "current_position": {
        "x": 129,
        "y": 92
    },
    "predicted_position": {
        "x": 129,
        "y": 91
    },
    "velocity": {
        "x": 0.2873767175406721,
        "y": -0.8621301526220163
    }
}