{
    "timestamp": 1746703584.3512514,
    "current_position": {
        "x": 109,
        "y": 137
    },
    "predicted_position": {
        "x": 108,
        "y": 137
    },
    "velocity": {
        "x": -2.3112853209460735,
        "y": 10.40078394425733
    }
}