{
    "timestamp": 1746703590.2689846,
    "current_position": {
        "x": 113,
        "y": 70
    },
    "predicted_position": {
        "x": 113,
        "y": 69
    },
    "velocity": {
        "x": 4.342391232066795,
        "y": -10.438440461699026
    }
}