{
    "timestamp": 1746703584.554077,
    "current_position": {
        "x": 124,
        "y": 186
    },
    "predicted_position": {
        "x": 123,
        "y": 186
    },
    "velocity": {
        "x": -0.1597428456083423,
        "y": 3.1948569121668458
    }
}