{
    "timestamp": 1746703590.4850514,
    "current_position": {
        "x": 35,
        "y": 120
    },
    "predicted_position": {
        "x": 34,
        "y": 120
    },
    "velocity": {
        "x": -3.609209333089003,
        "y": 3.7732643027748667
    }
}