{
    "timestamp": 1746703584.7696207,
    "current_position": {
        "x": 87,
        "y": 134
    },
    "predicted_position": {
        "x": 87,
        "y": 134
    },
    "velocity": {
        "x": 4.4783460311120615,
        "y": 1.2354058016860858
    }
}