{
    "timestamp": 1746703583.7019634,
    "current_position": {
        "x": 126,
        "y": 93
    },
    "predicted_position": {
        "x": 125,
        "y": 93
    },
    "velocity": {
        "x": -2.773695422702632,
        "y": 0.5547390845405265
    }
}