{
    "timestamp": 1746703586.7017732,
    "current_position": {
        "x": 93,
        "y": 130
    },
    "predicted_position": {
        "x": 92,
        "y": 130
    },
    "velocity": {
        "x": -2.021942231111567,
        "y": 0.35681333490204126
    }
}