{
    "timestamp": 1746703584.414279,
    "current_position": {
        "x": 131,
        "y": 158
    },
    "predicted_position": {
        "x": 131,
        "y": 158
    },
    "velocity": {
        "x": 3.5946165687160367,
        "y": 3.4312249065016713
    }
}