{
    "timestamp": 1746703583.7794743,
    "current_position": {
        "x": 131,
        "y": 93
    },
    "predicted_position": {
        "x": 131,
        "y": 93
    },
    "velocity": {
        "x": 0.18230016314986286,
        "y": 0.5469004894495886
    }
}