{
    "timestamp": 1746703590.7019625,
    "current_position": {
        "x": 30,
        "y": 68
    },
    "predicted_position": {
        "x": 29,
        "y": 68
    },
    "velocity": {
        "x": -1.208902666293204,
        "y": 0.5641545776034953
    }
}