{
    "timestamp": 1746703586.9588864,
    "current_position": {
        "x": 68,
        "y": 232
    },
    "predicted_position": {
        "x": 67,
        "y": 233
    },
    "velocity": {
        "x": -7.386145959692708,
        "y": 12.92575542946224
    }
}