{
    "timestamp": 1746703583.6714501,
    "current_position": {
        "x": 141,
        "y": 90
    },
    "predicted_position": {
        "x": 140,
        "y": 90
    },
    "velocity": {
        "x": -1.1157737037619164,
        "y": 0.5578868518809582
    }
}