{
    "timestamp": 1746703585.3330615,
    "current_position": {
        "x": 153,
        "y": 171
    },
    "predicted_position": {
        "x": 152,
        "y": 171
    },
    "velocity": {
        "x": -5.682588389920599,
        "y": 8.808012004376929
    }
}