{
    "timestamp": 1746703581.8347118,
    "current_position": {
        "x": 128,
        "y": 98
    },
    "predicted_position": {
        "x": 128,
        "y": 98
    },
    "velocity": {
        "x": 0.28243033553308666,
        "y": 0.84729100659926
    }
}