{
    "timestamp": 1746703588.2072043,
    "current_position": {
        "x": 41,
        "y": 115
    },
    "predicted_position": {
        "x": 40,
        "y": 115
    },
    "velocity": {
        "x": -0.3026271457173486,
        "y": 0.3026271457173486
    }
}