{
    "timestamp": 1746703582.711386,
    "current_position": {
        "x": 43,
        "y": 124
    },
    "predicted_position": {
        "x": 42,
        "y": 124
    },
    "velocity": {
        "x": -7.470507929870118,
        "y": 2.7165483381345883
    }
}