{
    "timestamp": 1746703583.6088808,
    "current_position": {
        "x": 147,
        "y": 87
    },
    "predicted_position": {
        "x": 146,
        "y": 87
    },
    "velocity": {
        "x": -1.128909177038026,
        "y": 0.18815152950633765
    }
}