{
    "timestamp": 1746703584.8265414,
    "current_position": {
        "x": 208,
        "y": 137
    },
    "predicted_position": {
        "x": 208,
        "y": 137
    },
    "velocity": {
        "x": 9.797129345793314,
        "y": 1.2246411682241642
    }
}