{
    "timestamp": 1746703581.5888512,
    "current_position": {
        "x": 128,
        "y": 91
    },
    "predicted_position": {
        "x": 128,
        "y": 90
    },
    "velocity": {
        "x": 0.30350528259185433,
        "y": -1.821031695551126
    }
}