{
    "timestamp": 1746703590.6704063,
    "current_position": {
        "x": 45,
        "y": 61
    },
    "predicted_position": {
        "x": 44,
        "y": 60
    },
    "velocity": {
        "x": -10.34227208468755,
        "y": -2.3431710191870234
    }
}