{
    "timestamp": 1746703590.1002634,
    "current_position": {
        "x": 196,
        "y": 98
    },
    "predicted_position": {
        "x": 196,
        "y": 98
    },
    "velocity": {
        "x": 9.994708131377148,
        "y": 1.3552146618816474
    }
}