{
    "timestamp": 1746703590.2994316,
    "current_position": {
        "x": 94,
        "y": 66
    },
    "predicted_position": {
        "x": 93,
        "y": 65
    },
    "velocity": {
        "x": -1.582619055619489,
        "y": -0.33318295907778717
    }
}