{
    "timestamp": 1746703582.814555,
    "current_position": {
        "x": 205,
        "y": 137
    },
    "predicted_position": {
        "x": 207,
        "y": 137
    },
    "velocity": {
        "x": 35.83643229962729,
        "y": 2.8757630857725602
    }
}