{
    "timestamp": 1746703587.8230622,
    "current_position": {
        "x": 190,
        "y": 153
    },
    "predicted_position": {
        "x": 191,
        "y": 154
    },
    "velocity": {
        "x": 16.475940107463728,
        "y": 13.327671297120341
    }
}