{
    "timestamp": 1746703581.4058728,
    "current_position": {
        "x": 115,
        "y": 175
    },
    "predicted_position": {
        "x": 114,
        "y": 176
    },
    "velocity": {
        "x": -0.9640545277283497,
        "y": 13.175411878954113
    }
}