{
    "timestamp": 1746703583.1763327,
    "current_position": {
        "x": 193,
        "y": 111
    },
    "predicted_position": {
        "x": 192,
        "y": 110
    },
    "velocity": {
        "x": -0.6144623463259602,
        "y": -4.710877988499028
    }
}