{
    "timestamp": 1746703586.5000618,
    "current_position": {
        "x": 181,
        "y": 93
    },
    "predicted_position": {
        "x": 181,
        "y": 92
    },
    "velocity": {
        "x": 2.5590887173617376,
        "y": -1.2186136749341607
    }
}