{
    "timestamp": 1746703583.9791768,
    "current_position": {
        "x": 129,
        "y": 87
    },
    "predicted_position": {
        "x": 129,
        "y": 86
    },
    "velocity": {
        "x": 1.055379061377897,
        "y": -1.407172081837196
    }
}