{
    "timestamp": 1746703588.8068848,
    "current_position": {
        "x": 83,
        "y": 64
    },
    "predicted_position": {
        "x": 82,
        "y": 64
    },
    "velocity": {
        "x": -0.6658505799258855,
        "y": 1.807308716941689
    }
}