{
    "timestamp": 1746703588.6529248,
    "current_position": {
        "x": 66,
        "y": 119
    },
    "predicted_position": {
        "x": 65,
        "y": 118
    },
    "velocity": {
        "x": -10.136202439978591,
        "y": -6.8540035546521905
    }
}