{
    "timestamp": 1746703590.8434186,
    "current_position": {
        "x": 54,
        "y": 230
    },
    "predicted_position": {
        "x": 54,
        "y": 229
    },
    "velocity": {
        "x": 2.7092922372099966,
        "y": -0.15937013160058805
    }
}