{
    "timestamp": 1746703584.5076306,
    "current_position": {
        "x": 125,
        "y": 166
    },
    "predicted_position": {
        "x": 124,
        "y": 166
    },
    "velocity": {
        "x": -0.9656214711268873,
        "y": 1.2874952948358498
    }
}