{
    "timestamp": 1746703586.4689252,
    "current_position": {
        "x": 160,
        "y": 103
    },
    "predicted_position": {
        "x": 160,
        "y": 102
    },
    "velocity": {
        "x": 4.0367418905288766,
        "y": -2.813486772186793
    }
}