{
    "timestamp": 1746703581.498057,
    "current_position": {
        "x": 116,
        "y": 112
    },
    "predicted_position": {
        "x": 116,
        "y": 111
    },
    "velocity": {
        "x": 2.1847409162314007,
        "y": -9.051069510101518
    }
}